task,encoding,seed,threshold,iteration,param,from_value,to_value,accepted,val_acc,val_drop,mem_kb_before,mem_kb_after
shift,proj,0,0.005,1,dim,10000,512,True,0.9926666617393494,0.001999974250793457,1835.9375,94.0
shift,proj,0,0.005,2,dim,512,128,False,0.9553333520889282,0.0393332839012146,94.0,23.5
shift,proj,0,0.005,3,quant_bits,16,4,False,0.9893333315849304,0.005333304405212402,94.0,23.5
shift,proj,0,0.005,4,dim,512,256,False,0.9760000109672546,0.018666625022888184,94.0,47.0
shift,proj,0,0.005,5,quant_bits,16,8,True,0.9900000095367432,0.004666626453399658,94.0,47.0
shift,proj,0,0.005,6,quant_bits,8,3,False,0.9893333315849304,0.005333304405212402,47.0,17.625
shift,proj,0,0.005,7,quant_bits,8,4,False,0.9893333315849304,0.005333304405212402,47.0,23.5
shift,proj,0,0.005,8,quant_bits,8,6,False,0.9879999756813049,0.006666660308837891,47.0,35.25
shift,proj,0,0.01,1,dim,10000,512,True,0.9926666617393494,0.001999974250793457,1835.9375,94.0
shift,proj,0,0.01,2,dim,512,128,False,0.9553333520889282,0.0393332839012146,94.0,23.5
shift,proj,0,0.01,3,quant_bits,16,4,True,0.9893333315849304,0.005333304405212402,94.0,23.5
shift,proj,0,0.01,4,dim,512,256,False,0.9806666374206543,0.013999998569488525,23.5,11.75
shift,proj,0,0.01,5,quant_bits,4,2,False,0.918666660785675,0.07599997520446777,23.5,11.75
shift,proj,0,0.01,6,quant_bits,4,3,True,0.9893333315849304,0.005333304405212402,23.5,17.625
shift,proj,0,0.01,7,quant_bits,3,2,False,0.918666660785675,0.07599997520446777,17.625,11.75
shift,proj,0,0.05,1,dim,10000,512,True,0.9926666617393494,0.001999974250793457,1835.9375,94.0
shift,proj,0,0.05,2,dim,512,128,True,0.9553333520889282,0.0393332839012146,94.0,23.5
shift,proj,0,0.05,3,quant_bits,16,4,True,0.9546666741371155,0.039999961853027344,23.5,5.875
shift,proj,0,0.05,4,dim,128,64,False,0.8426666855812073,0.15199995040893555,5.875,2.9375
shift,proj,0,0.05,5,quant_bits,4,2,False,0.4593333303928375,0.5353333055973053,5.875,2.9375
shift,proj,0,0.05,6,quant_bits,4,3,True,0.9466666579246521,0.04799997806549072,5.875,4.40625
shift,proj,0,0.05,7,quant_bits,3,2,False,0.4593333303928375,0.5353333055973053,4.40625,2.9375
shift,proj,1,0.005,1,dim,10000,512,False,0.9913333058357239,0.006000041961669922,1835.9375,94.0
shift,proj,1,0.005,2,dim,10000,2048,True,0.9959999918937683,0.0013333559036254883,1835.9375,376.0
shift,proj,1,0.005,3,dim,2048,256,False,0.9860000014305115,0.011333346366882324,376.0,47.0
shift,proj,1,0.005,4,dim,2048,512,False,0.9913333058357239,0.006000041961669922,376.0,94.0
shift,proj,1,0.005,5,quant_bits,16,4,True,0.9946666359901428,0.0026667118072509766,376.0,94.0
shift,proj,1,0.005,6,dim,2048,1024,True,0.9959999918937683,0.0013333559036254883,94.0,47.0
shift,proj,1,0.005,7,dim,1024,128,False,0.9586666822433472,0.03866666555404663,47.0,5.875
shift,proj,1,0.005,8,dim,1024,256,False,0.9793333411216736,0.018000006675720215,47.0,11.75
shift,proj,1,0.005,9,dim,1024,512,True,0.9926666617393494,0.004666686058044434,47.0,23.5
shift,proj,1,0.005,10,dim,512,128,False,0.9586666822433472,0.03866666555404663,23.5,5.875
shift,proj,1,0.005,11,dim,512,256,False,0.9793333411216736,0.018000006675720215,23.5,11.75
shift,proj,1,0.005,12,quant_bits,4,2,False,0.843999981880188,0.1533333659172058,23.5,11.75
shift,proj,1,0.005,13,quant_bits,4,3,False,0.9913333058357239,0.006000041961669922,23.5,17.625
shift,proj,1,0.01,1,dim,10000,512,True,0.9913333058357239,0.006000041961669922,1835.9375,94.0
shift,proj,1,0.01,2,dim,512,128,False,0.949999988079071,0.047333359718322754,94.0,23.5
shift,proj,1,0.01,3,quant_bits,16,4,True,0.9926666617393494,0.004666686058044434,94.0,23.5
shift,proj,1,0.01,4,dim,512,256,False,0.9793333411216736,0.018000006675720215,23.5,11.75
shift,proj,1,0.01,5,quant_bits,4,2,False,0.843999981880188,0.1533333659172058,23.5,11.75
shift,proj,1,0.01,6,quant_bits,4,3,True,0.9913333058357239,0.006000041961669922,23.5,17.625
shift,proj,1,0.01,7,quant_bits,3,2,False,0.843999981880188,0.1533333659172058,17.625,11.75
shift,proj,1,0.05,1,dim,10000,512,True,0.9913333058357239,0.006000041961669922,1835.9375,94.0
shift,proj,1,0.05,2,dim,512,128,True,0.949999988079071,0.047333359718322754,94.0,23.5
shift,proj,1,0.05,3,quant_bits,16,4,True,0.9586666822433472,0.03866666555404663,23.5,5.875
shift,proj,1,0.05,4,dim,128,64,False,0.8186666369438171,0.17866671085357666,5.875,2.9375
shift,proj,1,0.05,5,quant_bits,4,2,False,0.19599999487400055,0.8013333529233932,5.875,2.9375
shift,proj,1,0.05,6,quant_bits,4,3,True,0.9599999785423279,0.03733336925506592,5.875,4.40625
shift,proj,1,0.05,7,quant_bits,3,2,False,0.19599999487400055,0.8013333529233932,4.40625,2.9375
shift,proj,2,0.005,1,dim,10000,512,False,0.9926666617393494,0.005333304405212402,1835.9375,94.0
shift,proj,2,0.005,2,dim,10000,2048,True,0.996666669845581,0.0013332962989807129,1835.9375,376.0
shift,proj,2,0.005,3,dim,2048,256,False,0.9826666712760925,0.015333294868469238,376.0,47.0
shift,proj,2,0.005,4,dim,2048,512,False,0.9926666617393494,0.005333304405212402,376.0,94.0
shift,proj,2,0.005,5,quant_bits,16,4,True,0.9959999918937683,0.001999974250793457,376.0,94.0
shift,proj,2,0.005,6,dim,2048,1024,True,0.9940000176429749,0.003999948501586914,94.0,47.0
shift,proj,2,0.005,7,dim,1024,128,False,0.95333331823349,0.04466664791107178,47.0,5.875
shift,proj,2,0.005,8,dim,1024,256,False,0.9839999675750732,0.013999998569488525,47.0,11.75
shift,proj,2,0.005,9,dim,1024,512,False,0.9886666536331177,0.009333312511444092,47.0,23.5
shift,proj,2,0.005,10,quant_bits,4,2,False,0.8946666717529297,0.10333329439163208,47.0,23.5
shift,proj,2,0.005,11,quant_bits,4,3,False,0.9926666617393494,0.005333304405212402,47.0,35.25
shift,proj,2,0.01,1,dim,10000,512,True,0.9926666617393494,0.005333304405212402,1835.9375,94.0
shift,proj,2,0.01,2,dim,512,128,False,0.9599999785423279,0.03799998760223389,94.0,23.5
shift,proj,2,0.01,3,quant_bits,16,4,True,0.9886666536331177,0.009333312511444092,94.0,23.5
shift,proj,2,0.01,4,dim,512,256,False,0.9839999675750732,0.013999998569488525,23.5,11.75
shift,proj,2,0.01,5,quant_bits,4,2,False,0.9760000109672546,0.02199995517730713,23.5,11.75
shift,proj,2,0.01,6,quant_bits,4,3,True,0.9906666278839111,0.007333338260650635,23.5,17.625
shift,proj,2,0.01,7,quant_bits,3,2,False,0.9760000109672546,0.02199995517730713,17.625,11.75
shift,proj,2,0.05,1,dim,10000,512,True,0.9926666617393494,0.005333304405212402,1835.9375,94.0
shift,proj,2,0.05,2,dim,512,128,True,0.9599999785423279,0.03799998760223389,94.0,23.5
shift,proj,2,0.05,3,quant_bits,16,4,True,0.95333331823349,0.04466664791107178,23.5,5.875
shift,proj,2,0.05,4,dim,128,64,False,0.8413333296775818,0.15666663646697998,5.875,2.9375
shift,proj,2,0.05,5,quant_bits,4,2,False,0.38066667318344116,0.6173332929611206,5.875,2.9375
shift,proj,2,0.05,6,quant_bits,4,3,True,0.9553333520889282,0.042666614055633545,5.875,4.40625
shift,proj,2,0.05,7,quant_bits,3,2,False,0.38066667318344116,0.6173332929611206,4.40625,2.9375
shift,id,0,0.005,1,dim,10000,512,False,0.8659999966621399,0.12999999523162842,1914.0625,98.0
shift,id,0,0.005,2,dim,10000,2048,False,0.984666645526886,0.011333346366882324,1914.0625,392.0
shift,id,0,0.005,3,levels,1024,32,True,0.9953333139419556,0.0006666779518127441,1914.0625,703.125
shift,id,0,0.005,4,quant_bits,16,4,True,0.9940000176429749,0.001999974250793457,703.125,263.671875
shift,id,0,0.005,5,dim,10000,4096,False,0.9893333315849304,0.006666660308837891,263.671875,108.0
shift,id,0,0.005,6,quant_bits,4,2,True,0.9926666617393494,0.0033333301544189453,263.671875,190.4296875
shift,id,0,0.005,7,levels,32,8,False,0.9819999933242798,0.013999998569488525,190.4296875,161.1328125
shift,id,0,0.005,8,levels,32,16,True,0.9919999837875366,0.0040000081062316895,190.4296875,170.8984375
shift,id,0,0.005,9,levels,16,4,False,0.862666666507721,0.13333332538604736,170.8984375,156.25
shift,id,0,0.005,10,levels,16,8,False,0.9819999933242798,0.013999998569488525,170.8984375,161.1328125
shift,id,0,0.01,1,dim,10000,512,False,0.8659999966621399,0.12999999523162842,1914.0625,98.0
shift,id,0,0.01,2,dim,10000,2048,False,0.984666645526886,0.011333346366882324,1914.0625,392.0
shift,id,0,0.01,3,levels,1024,32,True,0.9953333139419556,0.0006666779518127441,1914.0625,703.125
shift,id,0,0.01,4,quant_bits,16,4,True,0.9940000176429749,0.001999974250793457,703.125,263.671875
shift,id,0,0.01,5,dim,10000,4096,True,0.9893333315849304,0.006666660308837891,263.671875,108.0
shift,id,0,0.01,6,dim,4096,256,False,0.4753333330154419,0.5206666588783264,108.0,6.75
shift,id,0,0.01,7,dim,4096,1024,False,0.9546666741371155,0.04133331775665283,108.0,27.0
shift,id,0,0.01,8,dim,4096,2048,False,0.9819999933242798,0.013999998569488525,108.0,54.0
shift,id,0,0.01,9,quant_bits,4,2,False,0.9786666631698608,0.01733332872390747,108.0,78.0
shift,id,0,0.01,10,quant_bits,4,3,True,0.9879999756813049,0.008000016212463379,108.0,93.0
shift,id,0,0.01,11,quant_bits,3,2,False,0.9786666631698608,0.01733332872390747,93.0,78.0
shift,id,0,0.01,12,levels,32,8,False,0.9773333072662354,0.01866668462753296,93.0,81.0
shift,id,0,0.01,13,levels,32,16,False,0.9853333234786987,0.01066666841506958,93.0,85.0
shift,id,0,0.05,1,dim,10000,512,False,0.8659999966621399,0.12999999523162842,1914.0625,98.0
shift,id,0,0.05,2,dim,10000,2048,True,0.984666645526886,0.011333346366882324,1914.0625,392.0
shift,id,0,0.05,3,dim,2048,256,False,0.6733333468437195,0.32266664505004883,392.0,49.0
shift,id,0,0.05,4,dim,2048,512,False,0.8659999966621399,0.12999999523162842,392.0,98.0
shift,id,0,0.05,5,levels,1024,32,True,0.9839999675750732,0.012000024318695068,392.0,144.0
shift,id,0,0.05,6,quant_bits,16,4,True,0.9819999933242798,0.013999998569488525,144.0,54.0
shift,id,0,0.05,7,dim,2048,1024,True,0.9546666741371155,0.04133331775665283,54.0,27.0
shift,id,0,0.05,8,dim,1024,128,False,0.06933332979679108,0.9266666620969772,27.0,3.375
shift,id,0,0.05,9,dim,1024,256,False,0.4753333330154419,0.5206666588783264,27.0,6.75
shift,id,0,0.05,10,dim,1024,512,False,0.8560000061988831,0.13999998569488525,27.0,13.5
shift,id,0,0.05,11,quant_bits,4,2,False,0.8813333511352539,0.1146666407585144,27.0,19.5
shift,id,0,0.05,12,quant_bits,4,3,False,0.9333333373069763,0.06266665458679199,27.0,23.25
shift,id,0,0.05,13,levels,32,8,False,0.9440000057220459,0.05199998617172241,27.0,24.0
shift,id,0,0.05,14,levels,32,16,True,0.9519999623298645,0.04400002956390381,27.0,25.0
shift,id,0,0.05,15,levels,16,4,False,0.9113333225250244,0.0846666693687439,25.0,23.5
shift,id,0,0.05,16,levels,16,8,False,0.9440000057220459,0.05199998617172241,25.0,24.0
shift,id,1,0.005,1,dim,10000,512,False,0.8913333415985107,0.10399997234344482,1914.0625,98.0
shift,id,1,0.005,2,dim,10000,2048,False,0.9819999933242798,0.013333320617675781,1914.0625,392.0
shift,id,1,0.005,3,levels,1024,32,True,0.9959999918937683,-0.0006666779518127441,1914.0625,703.125
shift,id,1,0.005,4,quant_bits,16,4,True,0.9953333139419556,0.0,703.125,263.671875
shift,id,1,0.005,5,dim,10000,4096,True,0.9906666278839111,0.004666686058044434,263.671875,108.0
shift,id,1,0.005,6,dim,4096,256,False,0.6146666407585144,0.38066667318344116,108.0,6.75
shift,id,1,0.005,7,dim,4096,1024,False,0.9506666660308838,0.04466664791107178,108.0,27.0
shift,id,1,0.005,8,dim,4096,2048,False,0.9839999675750732,0.011333346366882324,108.0,54.0
shift,id,1,0.005,9,quant_bits,4,2,False,0.9860000014305115,0.009333312511444092,108.0,78.0
shift,id,1,0.005,10,quant_bits,4,3,True,0.9926666617393494,0.002666652202606201,108.0,93.0
shift,id,1,0.005,11,quant_bits,3,2,False,0.9860000014305115,0.009333312511444092,93.0,78.0
shift,id,1,0.005,12,levels,32,8,False,0.981333315372467,0.013999998569488525,93.0,81.0
shift,id,1,0.005,13,levels,32,16,True,0.9933333396911621,0.001999974250793457,93.0,85.0
shift,id,1,0.005,14,levels,16,4,False,0.9179999828338623,0.07733333110809326,85.0,79.0
shift,id,1,0.005,15,levels,16,8,False,0.981333315372467,0.013999998569488525,85.0,81.0
shift,id,1,0.01,1,dim,10000,512,False,0.8913333415985107,0.10399997234344482,1914.0625,98.0
shift,id,1,0.01,2,dim,10000,2048,False,0.9819999933242798,0.013333320617675781,1914.0625,392.0
shift,id,1,0.01,3,levels,1024,32,True,0.9959999918937683,-0.0006666779518127441,1914.0625,703.125
shift,id,1,0.01,4,quant_bits,16,4,True,0.9953333139419556,0.0,703.125,263.671875
shift,id,1,0.01,5,dim,10000,4096,True,0.9906666278839111,0.004666686058044434,263.671875,108.0
shift,id,1,0.01,6,dim,4096,256,False,0.6146666407585144,0.38066667318344116,108.0,6.75
shift,id,1,0.01,7,dim,4096,1024,False,0.9506666660308838,0.04466664791107178,108.0,27.0
shift,id,1,0.01,8,dim,4096,2048,False,0.9839999675750732,0.011333346366882324,108.0,54.0
shift,id,1,0.01,9,quant_bits,4,2,True,0.9860000014305115,0.009333312511444092,108.0,78.0
shift,id,1,0.01,10,levels,32,8,False,0.9726666808128357,0.022666633129119873,78.0,66.0
shift,id,1,0.01,11,levels,32,16,False,0.9779999852180481,0.01733332872390747,78.0,70.0
shift,id,1,0.05,1,dim,10000,512,False,0.8913333415985107,0.10399997234344482,1914.0625,98.0
shift,id,1,0.05,2,dim,10000,2048,True,0.9819999933242798,0.013333320617675781,1914.0625,392.0
shift,id,1,0.05,3,dim,2048,256,False,0.6759999990463257,0.3193333148956299,392.0,49.0
shift,id,1,0.05,4,dim,2048,512,False,0.8913333415985107,0.10399997234344482,392.0,98.0
shift,id,1,0.05,5,levels,1024,32,True,0.9746666550636292,0.020666658878326416,392.0,144.0
shift,id,1,0.05,6,quant_bits,16,4,True,0.9839999675750732,0.011333346366882324,144.0,54.0
shift,id,1,0.05,7,dim,2048,1024,True,0.9506666660308838,0.04466664791107178,54.0,27.0
shift,id,1,0.05,8,dim,1024,128,False,0.06399999558925629,0.9313333183526993,27.0,3.375
shift,id,1,0.05,9,dim,1024,256,False,0.6146666407585144,0.38066667318344116,27.0,6.75
shift,id,1,0.05,10,dim,1024,512,False,0.8779999613761902,0.11733335256576538,27.0,13.5
shift,id,1,0.05,11,quant_bits,4,2,False,0.875333309173584,0.12000000476837158,27.0,19.5
shift,id,1,0.05,12,quant_bits,4,3,False,0.9426666498184204,0.052666664123535156,27.0,23.25
shift,id,1,0.05,13,levels,32,8,False,0.9366666674613953,0.0586666464805603,27.0,24.0
shift,id,1,0.05,14,levels,32,16,True,0.9546666741371155,0.04066663980484009,27.0,25.0
shift,id,1,0.05,15,levels,16,4,False,0.9073333144187927,0.08799999952316284,25.0,23.5
shift,id,1,0.05,16,levels,16,8,False,0.9366666674613953,0.0586666464805603,25.0,24.0
shift,id,2,0.005,1,dim,10000,512,False,0.8846666812896729,0.10866665840148926,1914.0625,98.0
shift,id,2,0.005,2,dim,10000,2048,False,0.9800000190734863,0.013333320617675781,1914.0625,392.0
shift,id,2,0.005,3,levels,1024,32,True,0.9926666617393494,0.0006666779518127441,1914.0625,703.125
shift,id,2,0.005,4,quant_bits,16,4,True,0.9906666278839111,0.0026667118072509766,703.125,263.671875
shift,id,2,0.005,5,dim,10000,4096,False,0.9866666793823242,0.006666660308837891,263.671875,108.0
shift,id,2,0.005,6,quant_bits,4,2,True,0.9886666536331177,0.004666686058044434,263.671875,190.4296875
shift,id,2,0.005,7,levels,32,8,False,0.9766666293144226,0.016666710376739502,190.4296875,161.1328125
shift,id,2,0.005,8,levels,32,16,True,0.9919999837875366,0.0013333559036254883,190.4296875,170.8984375
shift,id,2,0.005,9,levels,16,4,False,0.8700000047683716,0.12333333492279053,170.8984375,156.25
shift,id,2,0.005,10,levels,16,8,False,0.9766666293144226,0.016666710376739502,170.8984375,161.1328125
shift,id,2,0.01,1,dim,10000,512,False,0.8846666812896729,0.10866665840148926,1914.0625,98.0
shift,id,2,0.01,2,dim,10000,2048,False,0.9800000190734863,0.013333320617675781,1914.0625,392.0
shift,id,2,0.01,3,levels,1024,32,True,0.9926666617393494,0.0006666779518127441,1914.0625,703.125
shift,id,2,0.01,4,quant_bits,16,4,True,0.9906666278839111,0.0026667118072509766,703.125,263.671875
shift,id,2,0.01,5,dim,10000,4096,True,0.9866666793823242,0.006666660308837891,263.671875,108.0
shift,id,2,0.01,6,dim,4096,256,False,0.5379999876022339,0.4553333520889282,108.0,6.75
shift,id,2,0.01,7,dim,4096,1024,False,0.949999988079071,0.043333351612091064,108.0,27.0
shift,id,2,0.01,8,dim,4096,2048,False,0.9760000109672546,0.01733332872390747,108.0,54.0
shift,id,2,0.01,9,quant_bits,4,2,False,0.9739999771118164,0.019333362579345703,108.0,78.0
shift,id,2,0.01,10,quant_bits,4,3,True,0.9919999837875366,0.0013333559036254883,108.0,93.0
shift,id,2,0.01,11,quant_bits,3,2,False,0.9739999771118164,0.019333362579345703,93.0,78.0
shift,id,2,0.01,12,levels,32,8,False,0.9773333072662354,0.016000032424926758,93.0,81.0
shift,id,2,0.01,13,levels,32,16,True,0.9873332977294922,0.006000041961669922,93.0,85.0
shift,id,2,0.01,14,levels,16,4,False,0.9039999842643738,0.08933335542678833,85.0,79.0
shift,id,2,0.01,15,levels,16,8,False,0.9773333072662354,0.016000032424926758,85.0,81.0
shift,id,2,0.05,1,dim,10000,512,False,0.8846666812896729,0.10866665840148926,1914.0625,98.0
shift,id,2,0.05,2,dim,10000,2048,True,0.9800000190734863,0.013333320617675781,1914.0625,392.0
shift,id,2,0.05,3,dim,2048,256,False,0.6446666717529297,0.3486666679382324,392.0,49.0
shift,id,2,0.05,4,dim,2048,512,False,0.8846666812896729,0.10866665840148926,392.0,98.0
shift,id,2,0.05,5,levels,1024,32,True,0.9800000190734863,0.013333320617675781,392.0,144.0
shift,id,2,0.05,6,quant_bits,16,4,True,0.9760000109672546,0.01733332872390747,144.0,54.0
shift,id,2,0.05,7,dim,2048,1024,True,0.949999988079071,0.043333351612091064,54.0,27.0
shift,id,2,0.05,8,dim,1024,128,False,0.10999999940395355,0.8833333402872086,27.0,3.375
shift,id,2,0.05,9,dim,1024,256,False,0.5379999876022339,0.4553333520889282,27.0,6.75
shift,id,2,0.05,10,dim,1024,512,False,0.871999979019165,0.12133336067199707,27.0,13.5
shift,id,2,0.05,11,quant_bits,4,2,False,0.8806666731834412,0.11266666650772095,27.0,19.5
shift,id,2,0.05,12,quant_bits,4,3,False,0.9426666498184204,0.0506666898727417,27.0,23.25
shift,id,2,0.05,13,levels,32,8,False,0.940666675567627,0.052666664123535156,27.0,24.0
shift,id,2,0.05,14,levels,32,16,True,0.9539999961853027,0.039333343505859375,27.0,25.0
shift,id,2,0.05,15,levels,16,4,False,0.8993332982063293,0.09400004148483276,25.0,23.5
shift,id,2,0.05,16,levels,16,8,False,0.940666675567627,0.052666664123535156,25.0,24.0
novel,proj,0,0.005,1,dim,10000,512,True,1.0,0.0,1523.4375,78.0
novel,proj,0,0.005,2,dim,512,128,True,0.9971428513526917,0.0028571486473083496,78.0,19.5
novel,proj,0,0.005,3,quant_bits,16,4,False,0.9685714244842529,0.03142857551574707,19.5,4.875
novel,proj,0,0.005,4,dim,128,64,False,0.8742856979370117,0.12571430206298828,19.5,9.75
novel,proj,0,0.005,5,quant_bits,16,8,True,1.0,0.0,19.5,9.75
novel,proj,0,0.005,6,quant_bits,8,3,False,0.927142858505249,0.07285714149475098,9.75,3.65625
novel,proj,0,0.005,7,quant_bits,8,4,False,0.9685714244842529,0.03142857551574707,9.75,4.875
novel,proj,0,0.005,8,quant_bits,8,6,False,0.9871428608894348,0.012857139110565186,9.75,7.3125
novel,proj,0,0.01,1,dim,10000,512,True,1.0,0.0,1523.4375,78.0
novel,proj,0,0.01,2,dim,512,128,True,0.9971428513526917,0.0028571486473083496,78.0,19.5
novel,proj,0,0.01,3,quant_bits,16,4,False,0.9685714244842529,0.03142857551574707,19.5,4.875
novel,proj,0,0.01,4,dim,128,64,False,0.8742856979370117,0.12571430206298828,19.5,9.75
novel,proj,0,0.01,5,quant_bits,16,8,True,1.0,0.0,19.5,9.75
novel,proj,0,0.01,6,quant_bits,8,3,False,0.927142858505249,0.07285714149475098,9.75,3.65625
novel,proj,0,0.01,7,quant_bits,8,4,False,0.9685714244842529,0.03142857551574707,9.75,4.875
novel,proj,0,0.01,8,quant_bits,8,6,False,0.9871428608894348,0.012857139110565186,9.75,7.3125
novel,proj,0,0.05,1,dim,10000,512,True,1.0,0.0,1523.4375,78.0
novel,proj,0,0.05,2,dim,512,128,True,0.9971428513526917,0.0028571486473083496,78.0,19.5
novel,proj,0,0.05,3,quant_bits,16,4,True,0.9685714244842529,0.03142857551574707,19.5,4.875
novel,proj,0,0.05,4,dim,128,64,False,0.7814285755157471,0.21857142448425293,4.875,2.4375
novel,proj,0,0.05,5,quant_bits,4,2,False,0.12857142090797424,0.8714285790920258,4.875,2.4375
novel,proj,0,0.05,6,quant_bits,4,3,False,0.927142858505249,0.07285714149475098,4.875,3.65625
novel,proj,1,0.005,1,dim,10000,512,True,1.0,0.0,1523.4375,78.0
novel,proj,1,0.005,2,dim,512,128,True,1.0,0.0,78.0,19.5
novel,proj,1,0.005,3,quant_bits,16,4,False,0.9728571176528931,0.027142882347106934,19.5,4.875
novel,proj,1,0.005,4,dim,128,64,False,0.8657142519950867,0.13428574800491333,19.5,9.75
novel,proj,1,0.005,5,quant_bits,16,8,True,0.9985713958740234,0.0014286041259765625,19.5,9.75
novel,proj,1,0.005,6,quant_bits,8,3,False,0.9442856907844543,0.055714309215545654,9.75,3.65625
novel,proj,1,0.005,7,quant_bits,8,4,False,0.9728571176528931,0.027142882347106934,9.75,4.875
novel,proj,1,0.005,8,quant_bits,8,6,True,0.9971428513526917,0.0028571486473083496,9.75,7.3125
novel,proj,1,0.005,9,quant_bits,6,3,False,0.9442856907844543,0.055714309215545654,7.3125,3.65625
novel,proj,1,0.005,10,quant_bits,6,4,False,0.9728571176528931,0.027142882347106934,7.3125,4.875
novel,proj,1,0.01,1,dim,10000,512,True,1.0,0.0,1523.4375,78.0
novel,proj,1,0.01,2,dim,512,128,True,1.0,0.0,78.0,19.5
novel,proj,1,0.01,3,quant_bits,16,4,False,0.9728571176528931,0.027142882347106934,19.5,4.875
novel,proj,1,0.01,4,dim,128,64,False,0.8657142519950867,0.13428574800491333,19.5,9.75
novel,proj,1,0.01,5,quant_bits,16,8,True,0.9985713958740234,0.0014286041259765625,19.5,9.75
novel,proj,1,0.01,6,quant_bits,8,3,False,0.9442856907844543,0.055714309215545654,9.75,3.65625
novel,proj,1,0.01,7,quant_bits,8,4,False,0.9728571176528931,0.027142882347106934,9.75,4.875
novel,proj,1,0.01,8,quant_bits,8,6,True,0.9971428513526917,0.0028571486473083496,9.75,7.3125
novel,proj,1,0.01,9,quant_bits,6,3,False,0.9442856907844543,0.055714309215545654,7.3125,3.65625
novel,proj,1,0.01,10,quant_bits,6,4,False,0.9728571176528931,0.027142882347106934,7.3125,4.875
novel,proj,1,0.05,1,dim,10000,512,True,1.0,0.0,1523.4375,78.0
novel,proj,1,0.05,2,dim,512,128,True,1.0,0.0,78.0,19.5
novel,proj,1,0.05,3,quant_bits,16,4,True,0.9728571176528931,0.027142882347106934,19.5,4.875
novel,proj,1,0.05,4,dim,128,64,False,0.7785714268684387,0.22142857313156128,4.875,2.4375
novel,proj,1,0.05,5,quant_bits,4,2,False,0.418571412563324,0.581428587436676,4.875,2.4375
novel,proj,1,0.05,6,quant_bits,4,3,False,0.9442856907844543,0.055714309215545654,4.875,3.65625
novel,proj,2,0.005,1,dim,10000,512,True,1.0,0.0,1523.4375,78.0
novel,proj,2,0.005,2,dim,512,128,True,1.0,0.0,78.0,19.5
novel,proj,2,0.005,3,quant_bits,16,4,False,0.9742857217788696,0.02571427822113037,19.5,4.875
novel,proj,2,0.005,4,dim,128,64,False,0.8985714316368103,0.1014285683631897,19.5,9.75
novel,proj,2,0.005,5,quant_bits,16,8,True,0.9957142472267151,0.004285752773284912,19.5,9.75
novel,proj,2,0.005,6,quant_bits,8,3,False,0.9542856812477112,0.04571431875228882,9.75,3.65625
novel,proj,2,0.005,7,quant_bits,8,4,False,0.9742857217788696,0.02571427822113037,9.75,4.875
novel,proj,2,0.005,8,quant_bits,8,6,False,0.991428554058075,0.008571445941925049,9.75,7.3125
novel,proj,2,0.01,1,dim,10000,512,True,1.0,0.0,1523.4375,78.0
novel,proj,2,0.01,2,dim,512,128,True,1.0,0.0,78.0,19.5
novel,proj,2,0.01,3,quant_bits,16,4,False,0.9742857217788696,0.02571427822113037,19.5,4.875
novel,proj,2,0.01,4,dim,128,64,False,0.8985714316368103,0.1014285683631897,19.5,9.75
novel,proj,2,0.01,5,quant_bits,16,8,True,0.9957142472267151,0.004285752773284912,19.5,9.75
novel,proj,2,0.01,6,quant_bits,8,3,False,0.9542856812477112,0.04571431875228882,9.75,3.65625
novel,proj,2,0.01,7,quant_bits,8,4,False,0.9742857217788696,0.02571427822113037,9.75,4.875
novel,proj,2,0.01,8,quant_bits,8,6,True,0.991428554058075,0.008571445941925049,9.75,7.3125
novel,proj,2,0.01,9,quant_bits,6,3,False,0.9542856812477112,0.04571431875228882,7.3125,3.65625
novel,proj,2,0.01,10,quant_bits,6,4,False,0.9742857217788696,0.02571427822113037,7.3125,4.875
novel,proj,2,0.05,1,dim,10000,512,True,1.0,0.0,1523.4375,78.0
novel,proj,2,0.05,2,dim,512,128,True,1.0,0.0,78.0,19.5
novel,proj,2,0.05,3,quant_bits,16,4,True,0.9742857217788696,0.02571427822113037,19.5,4.875
novel,proj,2,0.05,4,dim,128,64,False,0.831428587436676,0.16857141256332397,4.875,2.4375
novel,proj,2,0.05,5,quant_bits,4,2,False,0.2142857164144516,0.7857142835855484,4.875,2.4375
novel,proj,2,0.05,6,quant_bits,4,3,True,0.9542856812477112,0.04571431875228882,4.875,3.65625
novel,proj,2,0.05,7,quant_bits,3,2,False,0.2142857164144516,0.7857142835855484,3.65625,2.4375
novel,id,0,0.005,1,dim,10000,512,True,1.0,0.0,1601.5625,82.0
novel,id,0,0.005,2,levels,1024,32,True,1.0,0.0,82.0,20.0
novel,id,0,0.005,3,dim,512,128,False,0.4399999976158142,0.5600000023841858,20.0,5.0
novel,id,0,0.005,4,quant_bits,16,4,False,0.8700000047683716,0.12999999523162842,20.0,9.5
novel,id,0,0.005,5,dim,512,256,False,0.6514285802841187,0.34857141971588135,20.0,10.0
novel,id,0,0.005,6,quant_bits,16,8,True,1.0,0.0,20.0,13.0
novel,id,0,0.005,7,quant_bits,8,3,False,0.6928571462631226,0.30714285373687744,13.0,8.625
novel,id,0,0.005,8,quant_bits,8,4,False,0.8700000047683716,0.12999999523162842,13.0,9.5
novel,id,0,0.005,9,quant_bits,8,6,False,0.9928571581840515,0.007142841815948486,13.0,11.25
novel,id,0,0.005,10,levels,32,8,True,1.0,0.0,13.0,11.5
novel,id,0,0.005,11,levels,8,4,True,0.9985713958740234,0.0014286041259765625,11.5,11.25
novel,id,0,0.01,1,dim,10000,512,True,1.0,0.0,1601.5625,82.0
novel,id,0,0.01,2,levels,1024,32,True,1.0,0.0,82.0,20.0
novel,id,0,0.01,3,dim,512,128,False,0.4399999976158142,0.5600000023841858,20.0,5.0
novel,id,0,0.01,4,quant_bits,16,4,False,0.8700000047683716,0.12999999523162842,20.0,9.5
novel,id,0,0.01,5,dim,512,256,False,0.6514285802841187,0.34857141971588135,20.0,10.0
novel,id,0,0.01,6,quant_bits,16,8,True,1.0,0.0,20.0,13.0
novel,id,0,0.01,7,quant_bits,8,3,False,0.6928571462631226,0.30714285373687744,13.0,8.625
novel,id,0,0.01,8,quant_bits,8,4,False,0.8700000047683716,0.12999999523162842,13.0,9.5
novel,id,0,0.01,9,quant_bits,8,6,True,0.9928571581840515,0.007142841815948486,13.0,11.25
novel,id,0,0.01,10,quant_bits,6,3,False,0.6928571462631226,0.30714285373687744,11.25,8.625
novel,id,0,0.01,11,quant_bits,6,4,False,0.8700000047683716,0.12999999523162842,11.25,9.5
novel,id,0,0.01,12,levels,32,8,True,0.991428554058075,0.008571445941925049,11.25,9.75
novel,id,0,0.01,13,levels,8,4,False,0.9785714149475098,0.021428585052490234,9.75,9.5
novel,id,0,0.05,1,dim,10000,512,True,1.0,0.0,1601.5625,82.0
novel,id,0,0.05,2,levels,1024,32,True,1.0,0.0,82.0,20.0
novel,id,0,0.05,3,dim,512,128,False,0.4399999976158142,0.5600000023841858,20.0,5.0
novel,id,0,0.05,4,quant_bits,16,4,False,0.8700000047683716,0.12999999523162842,20.0,9.5
novel,id,0,0.05,5,dim,512,256,False,0.6514285802841187,0.34857141971588135,20.0,10.0
novel,id,0,0.05,6,quant_bits,16,8,True,1.0,0.0,20.0,13.0
novel,id,0,0.05,7,quant_bits,8,3,False,0.6928571462631226,0.30714285373687744,13.0,8.625
novel,id,0,0.05,8,quant_bits,8,4,False,0.8700000047683716,0.12999999523162842,13.0,9.5
novel,id,0,0.05,9,quant_bits,8,6,True,0.9928571581840515,0.007142841815948486,13.0,11.25
novel,id,0,0.05,10,quant_bits,6,3,False,0.6928571462631226,0.30714285373687744,11.25,8.625
novel,id,0,0.05,11,quant_bits,6,4,False,0.8700000047683716,0.12999999523162842,11.25,9.5
novel,id,0,0.05,12,levels,32,8,True,0.991428554058075,0.008571445941925049,11.25,9.75
novel,id,0,0.05,13,levels,8,4,True,0.9785714149475098,0.021428585052490234,9.75,9.5
novel,id,1,0.005,1,dim,10000,512,True,1.0,0.0,1601.5625,82.0
novel,id,1,0.005,2,levels,1024,32,True,1.0,0.0,82.0,20.0
novel,id,1,0.005,3,dim,512,128,False,0.34142857789993286,0.6585714221000671,20.0,5.0
novel,id,1,0.005,4,quant_bits,16,4,False,0.9385713934898376,0.061428606510162354,20.0,9.5
novel,id,1,0.005,5,dim,512,256,False,0.8042857050895691,0.1957142949104309,20.0,10.0
novel,id,1,0.005,6,quant_bits,16,8,True,0.9985713958740234,0.0014286041259765625,20.0,13.0
novel,id,1,0.005,7,quant_bits,8,3,False,0.7885714173316956,0.21142858266830444,13.0,8.625
novel,id,1,0.005,8,quant_bits,8,4,False,0.9385713934898376,0.061428606510162354,13.0,9.5
novel,id,1,0.005,9,quant_bits,8,6,False,0.9942857027053833,0.005714297294616699,13.0,11.25
novel,id,1,0.005,10,levels,32,8,True,0.9985713958740234,0.0014286041259765625,13.0,11.5
novel,id,1,0.005,11,levels,8,4,True,1.0,0.0,11.5,11.25
novel,id,1,0.01,1,dim,10000,512,True,1.0,0.0,1601.5625,82.0
novel,id,1,0.01,2,levels,1024,32,True,1.0,0.0,82.0,20.0
novel,id,1,0.01,3,dim,512,128,False,0.34142857789993286,0.6585714221000671,20.0,5.0
novel,id,1,0.01,4,quant_bits,16,4,False,0.9385713934898376,0.061428606510162354,20.0,9.5
novel,id,1,0.01,5,dim,512,256,False,0.8042857050895691,0.1957142949104309,20.0,10.0
novel,id,1,0.01,6,quant_bits,16,8,True,0.9985713958740234,0.0014286041259765625,20.0,13.0
novel,id,1,0.01,7,quant_bits,8,3,False,0.7885714173316956,0.21142858266830444,13.0,8.625
novel,id,1,0.01,8,quant_bits,8,4,False,0.9385713934898376,0.061428606510162354,13.0,9.5
novel,id,1,0.01,9,quant_bits,8,6,True,0.9942857027053833,0.005714297294616699,13.0,11.25
novel,id,1,0.01,10,quant_bits,6,3,False,0.7885714173316956,0.21142858266830444,11.25,8.625
novel,id,1,0.01,11,quant_bits,6,4,False,0.9385713934898376,0.061428606510162354,11.25,9.5
novel,id,1,0.01,12,levels,32,8,True,0.9957142472267151,0.004285752773284912,11.25,9.75
novel,id,1,0.01,13,levels,8,4,True,0.9900000095367432,0.009999990463256836,9.75,9.5
novel,id,1,0.05,1,dim,10000,512,True,1.0,0.0,1601.5625,82.0
novel,id,1,0.05,2,levels,1024,32,True,1.0,0.0,82.0,20.0
novel,id,1,0.05,3,dim,512,128,False,0.34142857789993286,0.6585714221000671,20.0,5.0
novel,id,1,0.05,4,quant_bits,16,4,False,0.9385713934898376,0.061428606510162354,20.0,9.5
novel,id,1,0.05,5,dim,512,256,False,0.8042857050895691,0.1957142949104309,20.0,10.0
novel,id,1,0.05,6,quant_bits,16,8,True,0.9985713958740234,0.0014286041259765625,20.0,13.0
novel,id,1,0.05,7,quant_bits,8,3,False,0.7885714173316956,0.21142858266830444,13.0,8.625
novel,id,1,0.05,8,quant_bits,8,4,False,0.9385713934898376,0.061428606510162354,13.0,9.5
novel,id,1,0.05,9,quant_bits,8,6,True,0.9942857027053833,0.005714297294616699,13.0,11.25
novel,id,1,0.05,10,quant_bits,6,3,False,0.7885714173316956,0.21142858266830444,11.25,8.625
novel,id,1,0.05,11,quant_bits,6,4,False,0.9385713934898376,0.061428606510162354,11.25,9.5
novel,id,1,0.05,12,levels,32,8,True,0.9957142472267151,0.004285752773284912,11.25,9.75
novel,id,1,0.05,13,levels,8,4,True,0.9900000095367432,0.009999990463256836,9.75,9.5
novel,id,2,0.005,1,dim,10000,512,True,1.0,0.0,1601.5625,82.0
novel,id,2,0.005,2,levels,1024,32,True,1.0,0.0,82.0,20.0
novel,id,2,0.005,3,dim,512,128,False,0.4399999976158142,0.5600000023841858,20.0,5.0
novel,id,2,0.005,4,quant_bits,16,4,False,0.9357143044471741,0.06428569555282593,20.0,9.5
novel,id,2,0.005,5,dim,512,256,False,0.6857143044471741,0.3142856955528259,20.0,10.0
novel,id,2,0.005,6,quant_bits,16,8,True,0.9985713958740234,0.0014286041259765625,20.0,13.0
novel,id,2,0.005,7,quant_bits,8,3,False,0.8071428537368774,0.19285714626312256,13.0,8.625
novel,id,2,0.005,8,quant_bits,8,4,False,0.9357143044471741,0.06428569555282593,13.0,9.5
novel,id,2,0.005,9,quant_bits,8,6,False,0.9900000095367432,0.009999990463256836,13.0,11.25
novel,id,2,0.005,10,levels,32,8,True,1.0,0.0,13.0,11.5
novel,id,2,0.005,11,levels,8,4,True,0.9985713958740234,0.0014286041259765625,11.5,11.25
novel,id,2,0.01,1,dim,10000,512,True,1.0,0.0,1601.5625,82.0
novel,id,2,0.01,2,levels,1024,32,True,1.0,0.0,82.0,20.0
novel,id,2,0.01,3,dim,512,128,False,0.4399999976158142,0.5600000023841858,20.0,5.0
novel,id,2,0.01,4,quant_bits,16,4,False,0.9357143044471741,0.06428569555282593,20.0,9.5
novel,id,2,0.01,5,dim,512,256,False,0.6857143044471741,0.3142856955528259,20.0,10.0
novel,id,2,0.01,6,quant_bits,16,8,True,0.9985713958740234,0.0014286041259765625,20.0,13.0
novel,id,2,0.01,7,quant_bits,8,3,False,0.8071428537368774,0.19285714626312256,13.0,8.625
novel,id,2,0.01,8,quant_bits,8,4,False,0.9357143044471741,0.06428569555282593,13.0,9.5
novel,id,2,0.01,9,quant_bits,8,6,True,0.9900000095367432,0.009999990463256836,13.0,11.25
novel,id,2,0.01,10,quant_bits,6,3,False,0.8071428537368774,0.19285714626312256,11.25,8.625
novel,id,2,0.01,11,quant_bits,6,4,False,0.9357143044471741,0.06428569555282593,11.25,9.5
novel,id,2,0.01,12,levels,32,8,True,0.9928571581840515,0.007142841815948486,11.25,9.75
novel,id,2,0.01,13,levels,8,4,True,0.9928571581840515,0.007142841815948486,9.75,9.5
novel,id,2,0.05,1,dim,10000,512,True,1.0,0.0,1601.5625,82.0
novel,id,2,0.05,2,levels,1024,32,True,1.0,0.0,82.0,20.0
novel,id,2,0.05,3,dim,512,128,False,0.4399999976158142,0.5600000023841858,20.0,5.0
novel,id,2,0.05,4,quant_bits,16,4,False,0.9357143044471741,0.06428569555282593,20.0,9.5
novel,id,2,0.05,5,dim,512,256,False,0.6857143044471741,0.3142856955528259,20.0,10.0
novel,id,2,0.05,6,quant_bits,16,8,True,0.9985713958740234,0.0014286041259765625,20.0,13.0
novel,id,2,0.05,7,quant_bits,8,3,False,0.8071428537368774,0.19285714626312256,13.0,8.625
novel,id,2,0.05,8,quant_bits,8,4,False,0.9357143044471741,0.06428569555282593,13.0,9.5
novel,id,2,0.05,9,quant_bits,8,6,True,0.9900000095367432,0.009999990463256836,13.0,11.25
novel,id,2,0.05,10,quant_bits,6,3,False,0.8071428537368774,0.19285714626312256,11.25,8.625
novel,id,2,0.05,11,quant_bits,6,4,False,0.9357143044471741,0.06428569555282593,11.25,9.5
novel,id,2,0.05,12,levels,32,8,True,0.9928571581840515,0.007142841815948486,11.25,9.75
novel,id,2,0.05,13,levels,8,4,True,0.9928571581840515,0.007142841815948486,9.75,9.5
