task,encoding,seed,threshold,model_type,dim,levels,quant_bits,mem_kb,compression_vs_baseline,val_acc,val_drop_vs_baseline,geom_fid,id_acc,acc_shift_6,acc_shift_12,acc_shift_18,avg_ood_acc,nmi,hungarian_acc,auroc
shift,proj,0,0.005,microhd,512,1024,8,47.0,39.06,0.9900000095367432,0.0047,0.8997256733876089,0.9856666326522827,0.8949999809265137,0.6420000195503235,0.42899999022483826,0.6553333302338918,,,
shift,proj,0,0.005,baseline,10000,1024,16,1835.9,1.0,0.9946666359901428,0.0,0.9936738913725071,0.9950000047683716,0.9473333358764648,0.7269999980926514,0.4386666715145111,0.7043333351612091,,,
shift,proj,0,0.01,microhd,512,1024,3,17.6,104.17,0.9893333315849304,0.0053,0.9033310761093994,0.9886666536331177,0.9153333306312561,0.65666663646698,0.4000000059604645,0.6573333243529002,,,
shift,proj,0,0.01,baseline,10000,1024,16,1835.9,1.0,0.9946666359901428,0.0,0.9936738913725071,0.9950000047683716,0.9473333358764648,0.7269999980926514,0.4386666715145111,0.7043333351612091,,,
shift,proj,0,0.05,microhd,128,1024,3,4.4,416.67,0.9466666579246521,0.048,0.7216072743168214,0.9543333053588867,0.7693333029747009,0.4339999854564667,0.257999986410141,0.48711109161376953,,,
shift,proj,0,0.05,baseline,10000,1024,16,1835.9,1.0,0.9946666359901428,0.0,0.9936738913725071,0.9950000047683716,0.9473333358764648,0.7269999980926514,0.4386666715145111,0.7043333351612091,,,
shift,proj,1,0.005,microhd,512,1024,4,23.5,78.12,0.9926666617393494,0.0047,0.9053025789986073,0.9913333058357239,0.9289999604225159,0.7016666531562805,0.49266666173934937,0.707777758439382,,,
shift,proj,1,0.005,baseline,10000,1024,16,1835.9,1.0,0.9973333477973938,0.0,0.9945336765738964,0.9953333139419556,0.9539999961853027,0.7526666522026062,0.5306666493415833,0.7457777659098307,,,
shift,proj,1,0.01,microhd,512,1024,3,17.6,104.17,0.9913333058357239,0.006,0.9046280990718217,0.9909999966621399,0.9233333468437195,0.6840000152587891,0.46666666865348816,0.6913333435853323,,,
shift,proj,1,0.01,baseline,10000,1024,16,1835.9,1.0,0.9973333477973938,0.0,0.9945336765738964,0.9953333139419556,0.9539999961853027,0.7526666522026062,0.5306666493415833,0.7457777659098307,,,
shift,proj,1,0.05,microhd,128,1024,3,4.4,416.67,0.9599999785423279,0.0373,0.7432065233174956,0.9599999785423279,0.8413333296775818,0.6089999675750732,0.42933332920074463,0.6265555421511332,,,
shift,proj,1,0.05,baseline,10000,1024,16,1835.9,1.0,0.9973333477973938,0.0,0.9945336765738964,0.9953333139419556,0.9539999961853027,0.7526666522026062,0.5306666493415833,0.7457777659098307,,,
shift,proj,2,0.005,microhd,1024,1024,4,47.0,39.06,0.9940000176429749,0.004,0.9480559750040738,0.9973333477973938,0.9329999685287476,0.6779999732971191,0.43933331966400146,0.6834444204966227,,,
shift,proj,2,0.005,baseline,10000,1024,16,1835.9,1.0,0.9979999661445618,0.0,0.994639971288857,0.9973333477973938,0.9583333134651184,0.7279999852180481,0.4909999966621399,0.7257777651151022,,,
shift,proj,2,0.01,microhd,512,1024,3,17.6,104.17,0.9906666278839111,0.0073,0.9047752470840582,0.9919999837875366,0.9313333034515381,0.67166668176651,0.4346666634082794,0.6792222162087759,,,
shift,proj,2,0.01,baseline,10000,1024,16,1835.9,1.0,0.9979999661445618,0.0,0.994639971288857,0.9973333477973938,0.9583333134651184,0.7279999852180481,0.4909999966621399,0.7257777651151022,,,
shift,proj,2,0.05,microhd,128,1024,3,4.4,416.67,0.9553333520889282,0.0427,0.7410290922500039,0.9556666612625122,0.8176666498184204,0.5719999670982361,0.3763333261013031,0.5886666476726532,,,
shift,proj,2,0.05,baseline,10000,1024,16,1835.9,1.0,0.9979999661445618,0.0,0.994639971288857,0.9973333477973938,0.9583333134651184,0.7279999852180481,0.4909999966621399,0.7257777651151022,,,
shift,id,0,0.005,microhd,10000,16,2,170.9,11.2,0.9919999837875366,0.004,0.5255174296405337,0.9906666278839111,0.9016666412353516,0.5863333344459534,0.3486666679382324,0.6122222145398458,,,
shift,id,0,0.005,baseline,10000,1024,16,1914.1,1.0,0.9959999918937683,0.0,0.5285662128419629,0.9916666746139526,0.9073333144187927,0.6006666421890259,0.3646666705608368,0.6242222090562185,,,
shift,id,0,0.01,microhd,4096,32,3,93.0,20.58,0.9879999756813049,0.008,0.48411489653280126,0.9866666793823242,0.8763332962989807,0.559333324432373,0.31033334136009216,0.5819999873638153,,,
shift,id,0,0.01,baseline,10000,1024,16,1914.1,1.0,0.9959999918937683,0.0,0.5285662128419629,0.9916666746139526,0.9073333144187927,0.6006666421890259,0.3646666705608368,0.6242222090562185,,,
shift,id,0,0.05,microhd,1024,16,4,25.0,76.56,0.9519999623298645,0.044,0.3977755310079534,0.9539999961853027,0.7599999904632568,0.4569999873638153,0.2809999883174896,0.49933332204818726,,,
shift,id,0,0.05,baseline,10000,1024,16,1914.1,1.0,0.9959999918937683,0.0,0.5285662128419629,0.9916666746139526,0.9073333144187927,0.6006666421890259,0.3646666705608368,0.6242222090562185,,,
shift,id,1,0.005,microhd,4096,16,3,85.0,22.52,0.9933333396911621,0.002,0.4735144990736544,0.9863333106040955,0.9026666283607483,0.653333306312561,0.4619999825954437,0.6726666390895844,,,
shift,id,1,0.005,baseline,10000,1024,16,1914.1,1.0,0.9953333139419556,0.0,0.5153855931253022,0.9943333268165588,0.9303333163261414,0.7176666855812073,0.512666642665863,0.7202222148577372,,,
shift,id,1,0.01,microhd,4096,32,2,78.0,24.54,0.9860000014305115,0.0093,0.47955958499211493,0.9903333187103271,0.8983333110809326,0.6570000052452087,0.4676666557788849,0.6743333240350088,,,
shift,id,1,0.01,baseline,10000,1024,16,1914.1,1.0,0.9953333139419556,0.0,0.5153855931253022,0.9943333268165588,0.9303333163261414,0.7176666855812073,0.512666642665863,0.7202222148577372,,,
shift,id,1,0.05,microhd,1024,16,4,25.0,76.56,0.9546666741371155,0.0407,0.39148926576909543,0.9519999623298645,0.7953333258628845,0.5146666765213013,0.3409999907016754,0.5503333310286204,,,
shift,id,1,0.05,baseline,10000,1024,16,1914.1,1.0,0.9953333139419556,0.0,0.5153855931253022,0.9943333268165588,0.9303333163261414,0.7176666855812073,0.512666642665863,0.7202222148577372,,,
shift,id,2,0.005,microhd,10000,16,2,170.9,11.2,0.9919999837875366,0.0013,0.5101799586684712,0.9926666617393494,0.9163333177566528,0.6103333234786987,0.3386666774749756,0.6217777729034424,,,
shift,id,2,0.005,baseline,10000,1024,16,1914.1,1.0,0.9933333396911621,0.0,0.5277738278231078,0.9940000176429749,0.9136666655540466,0.5773333311080933,0.30799999833106995,0.5996666649977366,,,
shift,id,2,0.01,microhd,4096,16,3,85.0,22.52,0.9873332977294922,0.006,0.46620126867244194,0.9886666536331177,0.8849999904632568,0.5370000004768372,0.3059999942779541,0.5759999950726827,,,
shift,id,2,0.01,baseline,10000,1024,16,1914.1,1.0,0.9933333396911621,0.0,0.5277738278231078,0.9940000176429749,0.9136666655540466,0.5773333311080933,0.30799999833106995,0.5996666649977366,,,
shift,id,2,0.05,microhd,1024,16,4,25.0,76.56,0.9539999961853027,0.0393,0.4141776607297077,0.9636666774749756,0.7759999632835388,0.40799999237060547,0.21566666662693024,0.46655554076035816,,,
shift,id,2,0.05,baseline,10000,1024,16,1914.1,1.0,0.9933333396911621,0.0,0.5277738278231078,0.9940000176429749,0.9136666655540466,0.5773333311080933,0.30799999833106995,0.5996666649977366,,,
novel,proj,0,0.005,microhd,128,1024,8,9.8,156.25,1.0,0.0,0.7260762852141409,0.9057142734527588,,,,,0.7938234925711442,0.9026666666666666,0.9150047619047619
novel,proj,0,0.005,baseline,10000,1024,16,1523.4,1.0,1.0,0.0,0.9936128473604645,0.970714271068573,,,,,0.9658548399735812,0.9853333333333333,0.98411
novel,proj,0,0.01,microhd,128,1024,8,9.8,156.25,1.0,0.0,0.7260762852141409,0.9057142734527588,,,,,0.7938234925711442,0.9026666666666666,0.9150047619047619
novel,proj,0,0.01,baseline,10000,1024,16,1523.4,1.0,1.0,0.0,0.9936128473604645,0.970714271068573,,,,,0.9658548399735812,0.9853333333333333,0.98411
novel,proj,0,0.05,microhd,128,1024,4,4.9,312.5,0.9685714244842529,0.0314,0.7177170268529892,0.883571445941925,,,,,0.7865019515469425,0.898,0.9349211904761906
novel,proj,0,0.05,baseline,10000,1024,16,1523.4,1.0,1.0,0.0,0.9936128473604645,0.970714271068573,,,,,0.9658548399735812,0.9853333333333333,0.98411
novel,proj,1,0.005,microhd,128,1024,6,7.3,208.33,0.9971428513526917,0.0029,0.7074373551338619,0.9149999618530273,,,,,0.7998281684108631,0.9046666666666666,0.9115011904761905
novel,proj,1,0.005,baseline,10000,1024,16,1523.4,1.0,1.0,0.0,0.9939427859311192,0.9800000190734863,,,,,0.9687764772763574,0.9866666666666667,0.9821209523809524
novel,proj,1,0.01,microhd,128,1024,6,7.3,208.33,0.9971428513526917,0.0029,0.7074373551338619,0.9149999618530273,,,,,0.7998281684108631,0.9046666666666666,0.9115011904761905
novel,proj,1,0.01,baseline,10000,1024,16,1523.4,1.0,1.0,0.0,0.9939427859311192,0.9800000190734863,,,,,0.9687764772763574,0.9866666666666667,0.9821209523809524
novel,proj,1,0.05,microhd,128,1024,4,4.9,312.5,0.9728571176528931,0.0271,0.713110643411055,0.9114285707473755,,,,,0.8371125069467066,0.9246666666666666,0.9160740476190476
novel,proj,1,0.05,baseline,10000,1024,16,1523.4,1.0,1.0,0.0,0.9939427859311192,0.9800000190734863,,,,,0.9687764772763574,0.9866666666666667,0.9821209523809524
novel,proj,2,0.005,microhd,128,1024,8,9.8,156.25,0.9957142472267151,0.0043,0.714464828521588,0.9200000166893005,,,,,0.7673862839759008,0.886,0.9204304761904761
novel,proj,2,0.005,baseline,10000,1024,16,1523.4,1.0,1.0,0.0,0.9939257307202194,0.9885714054107666,,,,,0.9568198108865651,0.9826666666666667,0.9859985714285715
novel,proj,2,0.01,microhd,128,1024,6,7.3,208.33,0.991428554058075,0.0086,0.7075262161231876,0.9007142782211304,,,,,0.7926068124373128,0.8993333333333333,0.9244888095238095
novel,proj,2,0.01,baseline,10000,1024,16,1523.4,1.0,1.0,0.0,0.9939257307202194,0.9885714054107666,,,,,0.9568198108865651,0.9826666666666667,0.9859985714285715
novel,proj,2,0.05,microhd,128,1024,3,3.7,416.67,0.9542856812477112,0.0457,0.710945033729132,0.9235714077949524,,,,,0.7990052395900709,0.9053333333333333,0.9233559523809525
novel,proj,2,0.05,baseline,10000,1024,16,1523.4,1.0,1.0,0.0,0.9939257307202194,0.9885714054107666,,,,,0.9568198108865651,0.9826666666666667,0.9859985714285715
novel,id,0,0.005,microhd,512,4,8,11.2,142.36,0.9985713958740234,0.0014,0.3683711178011172,0.7607142925262451,,,,,0.3616283612493502,0.5186666666666667,0.644819761904762
novel,id,0,0.005,baseline,10000,1024,16,1601.6,1.0,1.0,0.0,0.5048029642167202,0.9585714340209961,,,,,0.8587219080177397,0.8586666666666667,0.7674828571428571
novel,id,0,0.01,microhd,512,8,6,9.8,164.26,0.991428554058075,0.0086,0.31128907164772135,0.7407142519950867,,,,,0.48576936674856724,0.6786666666666666,0.6388321428571428
novel,id,0,0.01,baseline,10000,1024,16,1601.6,1.0,1.0,0.0,0.5048029642167202,0.9585714340209961,,,,,0.8587219080177397,0.8586666666666667,0.7674828571428571
novel,id,0,0.05,microhd,512,4,6,9.5,168.59,0.9785714149475098,0.0214,0.3501665415433456,0.7335714101791382,,,,,0.2703099693993789,0.434,0.6333207142857142
novel,id,0,0.05,baseline,10000,1024,16,1601.6,1.0,1.0,0.0,0.5048029642167202,0.9585714340209961,,,,,0.8587219080177397,0.8586666666666667,0.7674828571428571
novel,id,1,0.005,microhd,512,4,8,11.2,142.36,1.0,0.0,0.3597418923701404,0.802142858505249,,,,,0.48399093981162383,0.6493333333333333,0.6568419047619047
novel,id,1,0.005,baseline,10000,1024,16,1601.6,1.0,1.0,0.0,0.5099714256655395,0.9749999642372131,,,,,0.8746802527538662,0.856,0.7908602380952381
novel,id,1,0.01,microhd,512,4,6,9.5,168.59,0.9900000095367432,0.01,0.32653237829156057,0.7907142639160156,,,,,0.44429788101838047,0.6293333333333333,0.6439792857142859
novel,id,1,0.01,baseline,10000,1024,16,1601.6,1.0,1.0,0.0,0.5099714256655395,0.9749999642372131,,,,,0.8746802527538662,0.856,0.7908602380952381
novel,id,1,0.05,microhd,512,4,6,9.5,168.59,0.9900000095367432,0.01,0.32653237829156057,0.7907142639160156,,,,,0.44429788101838047,0.6293333333333333,0.6439792857142859
novel,id,1,0.05,baseline,10000,1024,16,1601.6,1.0,1.0,0.0,0.5099714256655395,0.9749999642372131,,,,,0.8746802527538662,0.856,0.7908602380952381
novel,id,2,0.005,microhd,512,4,8,11.2,142.36,0.9985713958740234,0.0014,0.34962928021866113,0.7928571105003357,,,,,0.2148155144536228,0.352,0.6186278571428572
novel,id,2,0.005,baseline,10000,1024,16,1601.6,1.0,1.0,0.0,0.48343227140332395,0.9814285635948181,,,,,0.9456579529614207,0.978,0.7765211904761904
novel,id,2,0.01,microhd,512,4,6,9.5,168.59,0.9928571581840515,0.0071,0.362150724306616,0.7842857241630554,,,,,0.4192805504688534,0.5573333333333333,0.6389073809523809
novel,id,2,0.01,baseline,10000,1024,16,1601.6,1.0,1.0,0.0,0.48343227140332395,0.9814285635948181,,,,,0.9456579529614207,0.978,0.7765211904761904
novel,id,2,0.05,microhd,512,4,6,9.5,168.59,0.9928571581840515,0.0071,0.362150724306616,0.7842857241630554,,,,,0.4192805504688534,0.5573333333333333,0.6389073809523809
novel,id,2,0.05,baseline,10000,1024,16,1601.6,1.0,1.0,0.0,0.48343227140332395,0.9814285635948181,,,,,0.9456579529614207,0.978,0.7765211904761904
