task,seed,stage,knob,value,mem_kb,compression_vs_fp,geom_fid,val_acc,id_acc,acc_shift_6,acc_shift_12,acc_shift_18,avg_ood_acc,nmi,hungarian_acc,auroc
shift,0,none,baseline,fp32,3671.9,1.0,0.9930068909724743,0.996666669845581,0.9946666359901428,0.9449999928474426,0.718666672706604,0.4286666512489319,0.6974444389343262,,,
shift,0,D,rank,8,1486.4,2.47,0.3843140994382452,0.359333336353302,0.3700000047683716,0.2473333328962326,0.1536666601896286,0.10066666454076767,0.16722221920887628,,,
shift,0,D,rank,16,1800.9,2.04,0.5348984606385127,0.6100000143051147,0.6200000047683716,0.3933333158493042,0.23266667127609253,0.12799999117851257,0.2513333261013031,,,
shift,0,D,rank,24,2115.4,1.74,0.6423798767332051,0.7986666560173035,0.8063333034515381,0.609333336353302,0.3463333249092102,0.17033332586288452,0.3753333290417989,,,
shift,0,D,rank,32,2429.9,1.51,0.7325772627515342,0.8759999871253967,0.8886666297912598,0.7160000205039978,0.4476666748523712,0.23666666448116302,0.4667777866125107,,,
shift,0,D,rank,48,3058.9,1.2,0.8601884174956604,0.972000002861023,0.9726666808128357,0.8656666278839111,0.5910000205039978,0.33500000834465027,0.597222218910853,,,
shift,0,D,rank,64,3687.9,1.0,0.9930066414053587,0.996666669845581,0.9946666359901428,0.9449999928474426,0.718666672706604,0.4286666512489319,0.6974444389343262,,,
shift,0,D,rank_rand,8,1486.4,2.47,0.3762351291778379,0.3946666717529297,0.3889999985694885,0.24799999594688416,0.15433333814144135,0.10599999874830246,0.16944444427887598,,,
shift,0,D,rank_rand,16,1800.9,2.04,0.47967423380999497,0.6060000061988831,0.6003333330154419,0.41499999165534973,0.25200000405311584,0.1616666615009308,0.27622221906979877,,,
shift,0,D,rank_rand,24,2115.4,1.74,0.5353185578383084,0.7379999756813049,0.7306666374206543,0.4673333168029785,0.22633333504199982,0.1326666623353958,0.2754444380601247,,,
shift,0,D,rank_rand,32,2429.9,1.51,0.5856354807540186,0.8059999942779541,0.8053333163261414,0.562666654586792,0.2823333442211151,0.1743333339691162,0.3397777775923411,,,
shift,0,D,rank_rand,48,3058.9,1.2,0.6683430136913239,0.8893333077430725,0.8996666669845581,0.6953333020210266,0.390666663646698,0.22866666316986084,0.4382222096125285,,,
shift,0,D,rank_rand,64,3687.9,1.0,0.7382858711508723,0.9340000152587891,0.9403333067893982,0.750333309173584,0.4216666519641876,0.22833332419395447,0.466777761777242,,,
shift,0,D,rank_rand_retrain,8,1486.4,2.47,0.3762351291778379,0.31066665053367615,0.281333327293396,0.20999999344348907,0.14499999582767487,0.1119999960064888,0.1556666617592176,,,
shift,0,D,rank_rand_retrain,16,1800.9,2.04,0.47967423380999497,0.6486666798591614,0.643666684627533,0.4440000057220459,0.27533334493637085,0.20499999821186066,0.30811111629009247,,,
shift,0,D,rank_rand_retrain,24,2115.4,1.74,0.5353185578383084,0.8173333406448364,0.8053333163261414,0.5766666531562805,0.3123333156108856,0.18133333325386047,0.3567777673403422,,,
shift,0,D,rank_rand_retrain,32,2429.9,1.51,0.5856354807540186,0.8693333268165588,0.878333330154419,0.6463333368301392,0.33166664838790894,0.1693333387374878,0.38244444131851196,,,
shift,0,D,rank_rand_retrain,48,3058.9,1.2,0.6683430136913239,0.9239999651908875,0.9293333292007446,0.7339999675750732,0.4076666533946991,0.24199999868869781,0.46122220655282337,,,
shift,0,D,rank_rand_retrain,64,3687.9,1.0,0.7382858711508723,0.9480000138282776,0.9576666355133057,0.7820000052452087,0.4463333189487457,0.2356666624546051,0.48799999554951984,,,
shift,0,P,keep_frac,0.05,183.6,20.0,0.8882691229276988,0.9839999675750732,0.9883333444595337,0.8843333125114441,0.5450000166893005,0.26366665959358215,0.5643333295981089,,,
shift,0,P,keep_frac,0.1,367.2,10.0,0.9405894538829854,0.9933333396911621,0.9916666746139526,0.9236666560173035,0.6626666784286499,0.390666663646698,0.6589999993642172,,,
shift,0,P,keep_frac,0.2,734.4,5.0,0.9667199954898028,0.9959999918937683,0.9946666359901428,0.9246666431427002,0.6513333320617676,0.3449999988079071,0.6403333246707916,,,
shift,0,P,keep_frac,0.3,1101.6,3.33,0.9780478840119877,0.9959999918937683,0.9940000176429749,0.9359999895095825,0.6933333277702332,0.39533331990242004,0.6748888790607452,,,
shift,0,P,keep_frac,0.5,1835.9,2.0,0.9866695870763051,0.9953333139419556,0.9950000047683716,0.9446666836738586,0.7106666564941406,0.4129999876022339,0.6894444425900778,,,
shift,0,P,keep_frac,0.7,2570.3,1.43,0.9903336961968375,0.9953333139419556,0.9953333139419556,0.9430000185966492,0.7109999656677246,0.4129999876022339,0.6889999906222025,,,
shift,0,P,keep_frac,1.0,3671.9,1.0,0.9930068909724743,0.996666669845581,0.9946666359901428,0.9449999928474426,0.718666672706604,0.4286666512489319,0.6974444389343262,,,
shift,0,Q,bits,2,229.5,16.0,0.9921473913335521,0.9973333477973938,0.9946666359901428,0.9433333277702332,0.7126666307449341,0.42366665601730347,0.6932222048441569,,,
shift,0,Q,bits,3,344.2,10.67,0.9929570698616412,0.996666669845581,0.9950000047683716,0.9456666707992554,0.7239999771118164,0.43033331632614136,0.699999988079071,,,
shift,0,Q,bits,4,459.0,8.0,0.9930356806784872,0.9959999918937683,0.9950000047683716,0.9463333487510681,0.7193333506584167,0.4313333332538605,0.6990000108877817,,,
shift,0,Q,bits,6,688.5,5.33,0.9929950556884108,0.9959999918937683,0.9950000047683716,0.9449999928474426,0.7203333377838135,0.429666668176651,0.698333332935969,,,
shift,0,Q,bits,8,918.0,4.0,0.9930134284989383,0.9959999918937683,0.9946666359901428,0.9456666707992554,0.718999981880188,0.4286666512489319,0.6977777679761251,,,
shift,1,none,baseline,fp32,3671.9,1.0,0.9932579613387403,0.996666669845581,0.9959999918937683,0.9566666483879089,0.7553333044052124,0.5336666703224182,0.7485555410385132,,,
shift,1,D,rank,8,1486.4,2.47,0.36095595631009264,0.3240000009536743,0.3149999976158142,0.22100000083446503,0.14266666769981384,0.09799999743700027,0.15388888865709305,,,
shift,1,D,rank,16,1800.9,2.04,0.5020058762967835,0.6073333024978638,0.5999999642372131,0.421999990940094,0.22233332693576813,0.1509999930858612,0.2651111036539078,,,
shift,1,D,rank,24,2115.4,1.74,0.6315375449840014,0.8106666803359985,0.8100000023841858,0.5586666464805603,0.3009999990463257,0.2029999941587448,0.3542222132285436,,,
shift,1,D,rank,32,2429.9,1.51,0.7354631967573287,0.9133332967758179,0.90666663646698,0.7193333506584167,0.42266666889190674,0.2553333342075348,0.46577778458595276,,,
shift,1,D,rank,48,3058.9,1.2,0.8762170356410715,0.9826666712760925,0.9829999804496765,0.8889999985694885,0.6449999809265137,0.47699999809265137,0.6703333258628845,,,
shift,1,D,rank,64,3687.9,1.0,0.9932581425255291,0.996666669845581,0.9959999918937683,0.9566666483879089,0.7553333044052124,0.5336666703224182,0.7485555410385132,,,
shift,1,D,rank_rand,8,1486.4,2.47,0.33532757229515,0.3646666705608368,0.35233333706855774,0.19733333587646484,0.11100000143051147,0.07233333587646484,0.12688889106114706,,,
shift,1,D,rank_rand,16,1800.9,2.04,0.4668152481767392,0.5773333311080933,0.6209999918937683,0.36533331871032715,0.18833333253860474,0.10599999874830246,0.21988888333241144,,,
shift,1,D,rank_rand,24,2115.4,1.74,0.5637741180632314,0.7373332977294922,0.7413333058357239,0.4963333308696747,0.2709999978542328,0.14299999177455902,0.3034444401661555,,,
shift,1,D,rank_rand,32,2429.9,1.51,0.6253843805070813,0.8133333325386047,0.8069999814033508,0.5523333549499512,0.2996666729450226,0.19033333659172058,0.34744445482889813,,,
shift,1,D,rank_rand,48,3058.9,1.2,0.6994060563095216,0.8973333239555359,0.9049999713897705,0.653333306312561,0.343999981880188,0.18533332645893097,0.3942222048838933,,,
shift,1,D,rank_rand,64,3687.9,1.0,0.7351148730103475,0.9306666851043701,0.940666675567627,0.7590000033378601,0.44333332777023315,0.25733333826065063,0.486555556456248,,,
shift,1,D,rank_rand_retrain,8,1486.4,2.47,0.33532757229515,0.25466665625572205,0.2666666507720947,0.11566666513681412,0.053999997675418854,0.038333334028720856,0.06933333228031795,,,
shift,1,D,rank_rand_retrain,16,1800.9,2.04,0.4668152481767392,0.6273333430290222,0.668999969959259,0.43799999356269836,0.23733332753181458,0.1133333295583725,0.2628888835509618,,,
shift,1,D,rank_rand_retrain,24,2115.4,1.74,0.5637741180632314,0.8320000171661377,0.8326666355133057,0.5616666674613953,0.2653333246707916,0.10400000214576721,0.3103333314259847,,,
shift,1,D,rank_rand_retrain,32,2429.9,1.51,0.6253843805070813,0.8833333253860474,0.8853332996368408,0.6346666812896729,0.34299999475479126,0.19333332777023315,0.3903333346048991,,,
shift,1,D,rank_rand_retrain,48,3058.9,1.2,0.6994060563095216,0.9333333373069763,0.9393333196640015,0.7253333330154419,0.38733333349227905,0.20499999821186066,0.43922222157319385,,,
shift,1,D,rank_rand_retrain,64,3687.9,1.0,0.7351148730103475,0.9486666321754456,0.9543333053588867,0.8029999732971191,0.45499998331069946,0.24899999797344208,0.5023333181937536,,,
shift,1,P,keep_frac,0.05,183.6,20.0,0.8837304467741331,0.9946666359901428,0.987666666507721,0.9113333225250244,0.6209999918937683,0.3479999899864197,0.6267777681350708,,,
shift,1,P,keep_frac,0.1,367.2,10.0,0.9367523769060156,0.9973333477973938,0.9916666746139526,0.9239999651908875,0.6506666541099548,0.40566664934158325,0.6601110895474752,,,
shift,1,P,keep_frac,0.2,734.4,5.0,0.9678130300129042,0.996666669845581,0.9946666359901428,0.9366666674613953,0.7036666870117188,0.46933332085609436,0.7032222251097361,,,
shift,1,P,keep_frac,0.3,1101.6,3.33,0.9779564907519459,0.996666669845581,0.9943333268165588,0.9433333277702332,0.7239999771118164,0.5063333511352539,0.7245555520057678,,,
shift,1,P,keep_frac,0.5,1835.9,2.0,0.986600811311407,0.996666669845581,0.9953333139419556,0.9523333311080933,0.7413333058357239,0.5216666460037231,0.7384444276491801,,,
shift,1,P,keep_frac,0.7,2570.3,1.43,0.9902755168008374,0.996666669845581,0.9950000047683716,0.9543333053588867,0.7506666779518127,0.5220000147819519,0.7423333326975504,,,
shift,1,P,keep_frac,1.0,3671.9,1.0,0.9932579613387403,0.996666669845581,0.9959999918937683,0.9566666483879089,0.7553333044052124,0.5336666703224182,0.7485555410385132,,,
shift,1,Q,bits,2,229.5,16.0,0.9924851552785117,0.996666669845581,0.996666669845581,0.9609999656677246,0.7586666345596313,0.5333333015441895,0.7509999672571818,,,
shift,1,Q,bits,3,344.2,10.67,0.9932377828980173,0.9973333477973938,0.9959999918937683,0.956333339214325,0.7546666860580444,0.5413333177566528,0.7507777810096741,,,
shift,1,Q,bits,4,459.0,8.0,0.9932945293447306,0.996666669845581,0.9963333010673523,0.9556666612625122,0.7546666860580444,0.531000018119812,0.7471111218134562,,,
shift,1,Q,bits,6,688.5,5.33,0.9932577675757748,0.996666669845581,0.9963333010673523,0.956333339214325,0.7549999952316284,0.5349999666213989,0.7487777670224508,,,
shift,1,Q,bits,8,918.0,4.0,0.9932632107511914,0.996666669845581,0.9959999918937683,0.9559999704360962,0.753000020980835,0.534333348274231,0.7477777798970541,,,
shift,2,none,baseline,fp32,3671.9,1.0,0.9933941553539579,0.9973333477973938,0.9979999661445618,0.9523333311080933,0.7300000190734863,0.47866666316986084,0.7203333377838135,,,
shift,2,D,rank,8,1486.4,2.47,0.38348149207454696,0.33666667342185974,0.3113333284854889,0.24966666102409363,0.17266666889190674,0.1289999932050705,0.18377777437369028,,,
shift,2,D,rank,16,1800.9,2.04,0.5196513785756932,0.5413333177566528,0.5553333163261414,0.35499998927116394,0.21466666460037231,0.14533333480358124,0.2383333295583725,,,
shift,2,D,rank,24,2115.4,1.74,0.6423580365265048,0.7413333058357239,0.7483333349227905,0.5376666784286499,0.3400000035762787,0.23000000417232513,0.3692222287257512,,,
shift,2,D,rank,32,2429.9,1.51,0.7224278148770121,0.8799999952316284,0.8799999952316284,0.6886666417121887,0.4436666667461395,0.27399998903274536,0.46877776583035785,,,
shift,2,D,rank,48,3058.9,1.2,0.8691864488552791,0.9800000190734863,0.9766666293144226,0.8833333253860474,0.6166666746139526,0.3709999918937683,0.6236666639645895,,,
shift,2,D,rank,64,3687.9,1.0,0.9933940748528239,0.9973333477973938,0.9979999661445618,0.9523333311080933,0.7300000190734863,0.47866666316986084,0.7203333377838135,,,
shift,2,D,rank_rand,8,1486.4,2.47,0.33753709876818844,0.34599998593330383,0.3596666753292084,0.20600000023841858,0.11933333426713943,0.08633333444595337,0.13722222298383713,,,
shift,2,D,rank_rand,16,1800.9,2.04,0.4786155854428606,0.6179999709129333,0.6133333444595337,0.3136666715145111,0.12733332812786102,0.08799999952316284,0.17633333305517832,,,
shift,2,D,rank_rand,24,2115.4,1.74,0.5503149327913451,0.7286666631698608,0.7319999933242798,0.4443333148956299,0.22699999809265137,0.1483333259820938,0.273222212990125,,,
shift,2,D,rank_rand,32,2429.9,1.51,0.616690642049685,0.8246666789054871,0.8326666355133057,0.5889999866485596,0.37700000405311584,0.27433332800865173,0.41344443957010907,,,
shift,2,D,rank_rand,48,3058.9,1.2,0.6709374756085473,0.8893333077430725,0.8986666798591614,0.7080000042915344,0.49566665291786194,0.37033334374427795,0.5246666669845581,,,
shift,2,D,rank_rand,64,3687.9,1.0,0.7248953990375973,0.9359999895095825,0.9353333115577698,0.8029999732971191,0.6016666889190674,0.46566665172576904,0.6234444379806519,,,
shift,2,D,rank_rand_retrain,8,1486.4,2.47,0.33753709876818844,0.20333333313465118,0.2016666680574417,0.14633333683013916,0.08266666531562805,0.06533332914113998,0.09811111042896907,,,
shift,2,D,rank_rand_retrain,16,1800.9,2.04,0.4786155854428606,0.6653333306312561,0.668666660785675,0.39633333683013916,0.19300000369548798,0.1289999932050705,0.2394444445768992,,,
shift,2,D,rank_rand_retrain,24,2115.4,1.74,0.5503149327913451,0.8166666626930237,0.8263333439826965,0.5463333129882812,0.3163333237171173,0.20133332908153534,0.3546666552623113,,,
shift,2,D,rank_rand_retrain,32,2429.9,1.51,0.616690642049685,0.8853332996368408,0.8939999938011169,0.668666660785675,0.42100000381469727,0.2980000078678131,0.46255555748939514,,,
shift,2,D,rank_rand_retrain,48,3058.9,1.2,0.6709374756085473,0.9266666769981384,0.9279999732971191,0.762333333492279,0.5320000052452087,0.3876666724681854,0.5606666704018911,,,
shift,2,D,rank_rand_retrain,64,3687.9,1.0,0.7248953990375973,0.9506666660308838,0.9506666660308838,0.824999988079071,0.6266666650772095,0.49133333563804626,0.6476666629314423,,,
shift,2,P,keep_frac,0.05,183.6,20.0,0.8912941725962467,0.9940000176429749,0.9929999709129333,0.9156666398048401,0.6383333206176758,0.3766666650772095,0.6435555418332418,,,
shift,2,P,keep_frac,0.1,367.2,10.0,0.9398585312267276,0.9959999918937683,0.9950000047683716,0.9336666464805603,0.6859999895095825,0.4503333270549774,0.6899999876817068,,,
shift,2,P,keep_frac,0.2,734.4,5.0,0.9672436758400512,0.996666669845581,0.9953333139419556,0.9493333101272583,0.7293333411216736,0.4893333315849304,0.7226666609446207,,,
shift,2,P,keep_frac,0.3,1101.6,3.33,0.9783637136776259,0.9953333139419556,0.9959999918937683,0.9476666450500488,0.722000002861023,0.47966665029525757,0.7164444327354431,,,
shift,2,P,keep_frac,0.5,1835.9,2.0,0.9872245589757024,0.9973333477973938,0.9963333010673523,0.9509999752044678,0.7306666374206543,0.49133333563804626,0.7243333160877228,,,
shift,2,P,keep_frac,0.7,2570.3,1.43,0.9907959632884121,0.9959999918937683,0.9976666569709778,0.95333331823349,0.7306666374206543,0.4933333396911621,0.7257777651151022,,,
shift,2,P,keep_frac,1.0,3671.9,1.0,0.9933941553539579,0.9973333477973938,0.9979999661445618,0.9523333311080933,0.7300000190734863,0.47866666316986084,0.7203333377838135,,,
shift,2,Q,bits,2,229.5,16.0,0.9926283679842902,0.9959999918937683,0.9983333349227905,0.9516666531562805,0.7269999980926514,0.47966665029525757,0.7194444338480631,,,
shift,2,Q,bits,3,344.2,10.67,0.9933360731688182,0.996666669845581,0.9973333477973938,0.9523333311080933,0.7306666374206543,0.47866666316986084,0.7205555438995361,,,
shift,2,Q,bits,4,459.0,8.0,0.9934314585507488,0.996666669845581,0.9979999661445618,0.9509999752044678,0.7283333539962769,0.4806666672229767,0.7199999988079071,,,
shift,2,Q,bits,6,688.5,5.33,0.9933593828878646,0.9959999918937683,0.9976666569709778,0.953000009059906,0.7296666502952576,0.48133331537246704,0.7213333249092102,,,
shift,2,Q,bits,8,918.0,4.0,0.9933773357943774,0.9973333477973938,0.9979999661445618,0.9523333311080933,0.7300000190734863,0.4803333282470703,0.7208888928095499,,,
novel,0,none,baseline,fp32,3046.9,1.0,0.9932729785708554,1.0,0.9692857265472412,,,,,0.9693487237872219,0.9866666666666667,0.9841276190476189
novel,0,D,rank,8,861.4,3.54,0.35347315632517956,0.35999998450279236,0.4000000059604645,,,,,0.2611138597679682,0.45,0.6808242857142858
novel,0,D,rank,16,1175.9,2.59,0.5155681702704041,0.6128571629524231,0.6221428513526917,,,,,0.4145359650751089,0.596,0.7923719047619048
novel,0,D,rank,24,1490.4,2.04,0.6286375259233916,0.7628571391105652,0.770714282989502,,,,,0.6029936350195557,0.76,0.8656073809523811
novel,0,D,rank,32,1804.9,1.69,0.720805625016427,0.8299999833106995,0.8557142615318298,,,,,0.76185313564921,0.8786666666666667,0.8984047619047619
novel,0,D,rank,48,2433.9,1.25,0.8629965575430373,0.9314285516738892,0.920714259147644,,,,,0.9004509806294803,0.9546666666666667,0.949872619047619
novel,0,D,rank,64,3062.9,0.99,0.9932735823618551,1.0,0.9692857265472412,,,,,0.9693487237872219,0.9866666666666667,0.9841266666666668
novel,0,D,rank_rand,8,861.4,3.54,0.35656242820731227,0.4000000059604645,0.3692857027053833,,,,,0.19791969201863585,0.312,0.6409111904761905
novel,0,D,rank_rand,16,1175.9,2.59,0.46950235940645224,0.5485714077949524,0.5149999856948853,,,,,0.3370468105335178,0.5033333333333333,0.7271309523809524
novel,0,D,rank_rand,24,1490.4,2.04,0.547279686565505,0.6571428775787354,0.6200000047683716,,,,,0.42399285604740217,0.6006666666666667,0.7757109523809523
novel,0,D,rank_rand,32,1804.9,1.69,0.6091159405029448,0.7357142567634583,0.6899999976158142,,,,,0.5215876724344631,0.68,0.8280000000000001
novel,0,D,rank_rand,48,2433.9,1.25,0.6864080311780969,0.831428587436676,0.7885714173316956,,,,,0.6344512005192189,0.784,0.8730928571428571
novel,0,D,rank_rand,64,3062.9,0.99,0.736872439914745,0.8657142519950867,0.8414285778999329,,,,,0.7702124251274369,0.8873333333333333,0.8995019047619048
novel,0,D,rank_rand_retrain,8,861.4,3.54,0.35656242820731227,0.41428571939468384,0.2849999964237213,,,,,0.19791969201863585,0.312,0.6222519047619047
novel,0,D,rank_rand_retrain,16,1175.9,2.59,0.46950235940645224,0.991428554058075,0.5378571152687073,,,,,0.3370468105335178,0.5033333333333333,0.7391580952380954
novel,0,D,rank_rand_retrain,24,1490.4,2.04,0.547279686565505,0.9971428513526917,0.6857143044471741,,,,,0.42399285604740217,0.6006666666666667,0.7976754761904763
novel,0,D,rank_rand_retrain,32,1804.9,1.69,0.6091159405029448,0.9971428513526917,0.7842857241630554,,,,,0.5215876724344631,0.68,0.8704278571428572
novel,0,D,rank_rand_retrain,48,2433.9,1.25,0.6864080311780969,1.0,0.875,,,,,0.6344512005192189,0.784,0.9073061904761903
novel,0,D,rank_rand_retrain,64,3062.9,0.99,0.736872439914745,1.0,0.8971428275108337,,,,,0.7702124251274369,0.8873333333333333,0.9249109523809524
novel,0,P,keep_frac,0.05,152.3,20.0,0.8893436238566234,0.9657142758369446,0.9507142901420593,,,,,0.9294232184784016,0.9706666666666667,0.9689814285714285
novel,0,P,keep_frac,0.1,304.7,10.0,0.9407416227515469,0.9785714149475098,0.9599999785423279,,,,,0.9405090754441583,0.9753333333333334,0.9780526190476191
novel,0,P,keep_frac,0.2,609.4,5.0,0.9683874696663396,0.9828571081161499,0.9678571224212646,,,,,0.9644915378818303,0.9853333333333333,0.9818576190476189
novel,0,P,keep_frac,0.3,914.1,3.33,0.9789536552678744,0.9900000095367432,0.9678571224212646,,,,,0.9716533997238065,0.9886666666666667,0.9832647619047619
novel,0,P,keep_frac,0.5,1523.4,2.0,0.9870422034627847,0.9928571581840515,0.9714285731315613,,,,,0.9714379357881948,0.988,0.9839628571428571
novel,0,P,keep_frac,0.7,2132.8,1.43,0.9907237824974929,0.9957142472267151,0.9692857265472412,,,,,0.9708732220360563,0.988,0.9844152380952381
novel,0,P,keep_frac,1.0,3046.9,1.0,0.9932729785708554,1.0,0.9692857265472412,,,,,0.9693487237872219,0.9866666666666667,0.9841276190476189
novel,0,Q,bits,2,190.4,16.0,0.9924061677268344,0.9885714054107666,0.9699999690055847,,,,,0.9655409508628585,0.9853333333333333,0.9833997619047619
novel,0,Q,bits,3,285.6,10.67,0.9933126183497331,0.9885714054107666,0.970714271068573,,,,,0.9664347529813633,0.9853333333333333,0.9844114285714286
novel,0,Q,bits,4,380.9,8.0,0.9932504320551374,0.9971428513526917,0.9692857265472412,,,,,0.9693437025174334,0.9866666666666667,0.9841373809523809
novel,0,Q,bits,6,571.3,5.33,0.9932812378499176,1.0,0.9699999690055847,,,,,0.9699094562225418,0.9866666666666667,0.984212380952381
novel,0,Q,bits,8,761.7,4.0,0.9932834337626231,1.0,0.9692857265472412,,,,,0.9693487237872219,0.9866666666666667,0.984102380952381
novel,1,none,baseline,fp32,3046.9,1.0,0.9934170066920074,1.0,0.9764285683631897,,,,,0.971855438932606,0.988,0.9814452380952381
novel,1,D,rank,8,861.4,3.54,0.37600929092492963,0.33714285492897034,0.36571428179740906,,,,,0.20184618786637987,0.3473333333333333,0.6569847619047618
novel,1,D,rank,16,1175.9,2.59,0.5268061707907136,0.5628571510314941,0.5771428346633911,,,,,0.39031292531424144,0.574,0.7311933333333334
novel,1,D,rank,24,1490.4,2.04,0.6426146995276297,0.7199999690055847,0.7421428561210632,,,,,0.674560195926242,0.828,0.8136833333333333
novel,1,D,rank,32,1804.9,1.69,0.7458991063735712,0.8557142615318298,0.8657142519950867,,,,,0.8131158451808757,0.9093333333333333,0.8956311904761906
novel,1,D,rank,48,2433.9,1.25,0.8811418427426143,0.9371428489685059,0.9342857003211975,,,,,0.9195544897494243,0.9646666666666667,0.9563290476190477
novel,1,D,rank,64,3062.9,0.99,0.9934175608104678,1.0,0.9764285683631897,,,,,0.971855438932606,0.988,0.9814433333333336
novel,1,D,rank_rand,8,861.4,3.54,0.3607075974375436,0.37714284658432007,0.3735714256763458,,,,,0.20944466451824512,0.35533333333333333,0.6100135714285715
novel,1,D,rank_rand,16,1175.9,2.59,0.5009128632155315,0.5942857265472412,0.5342857241630554,,,,,0.33018357561066397,0.4706666666666667,0.6765780952380953
novel,1,D,rank_rand,24,1490.4,2.04,0.5766041359012463,0.7014285922050476,0.6671428680419922,,,,,0.4681486367136656,0.646,0.7720509523809524
novel,1,D,rank_rand,32,1804.9,1.69,0.623020336409101,0.7671428322792053,0.7407142519950867,,,,,0.4923210244383138,0.6506666666666666,0.7998321428571429
novel,1,D,rank_rand,48,2433.9,1.25,0.6943362614085208,0.8357142806053162,0.8199999928474426,,,,,0.6575554567478106,0.788,0.8505116666666668
novel,1,D,rank_rand,64,3062.9,0.99,0.7419523746494385,0.8771428465843201,0.8564285635948181,,,,,0.8090041617193746,0.9073333333333333,0.8726652380952381
novel,1,D,rank_rand_retrain,8,861.4,3.54,0.3607075974375436,0.46000000834465027,0.2857142686843872,,,,,0.20944466451824512,0.35533333333333333,0.597405
novel,1,D,rank_rand_retrain,16,1175.9,2.59,0.5009128632155315,0.9900000095367432,0.5792856812477112,,,,,0.33018357561066397,0.4706666666666667,0.685092380952381
novel,1,D,rank_rand_retrain,24,1490.4,2.04,0.5766041359012463,1.0,0.7692856788635254,,,,,0.4681486367136656,0.646,0.7845461904761905
novel,1,D,rank_rand_retrain,32,1804.9,1.69,0.623020336409101,1.0,0.852142870426178,,,,,0.4923210244383138,0.6506666666666666,0.8391404761904762
novel,1,D,rank_rand_retrain,48,2433.9,1.25,0.6943362614085208,1.0,0.895714282989502,,,,,0.6575554567478106,0.788,0.8939516666666667
novel,1,D,rank_rand_retrain,64,3062.9,0.99,0.7419523746494385,1.0,0.9092857241630554,,,,,0.8090041617193746,0.9073333333333333,0.9108961904761905
novel,1,P,keep_frac,0.05,152.3,20.0,0.8893966832180059,0.9728571176528931,0.9649999737739563,,,,,0.9417138837328165,0.974,0.9633597619047619
novel,1,P,keep_frac,0.1,304.7,10.0,0.9402305706630943,0.9814285635948181,0.9721428751945496,,,,,0.9598177863313007,0.982,0.9740307142857143
novel,1,P,keep_frac,0.2,609.4,5.0,0.9692088685760104,0.9900000095367432,0.9757142663002014,,,,,0.9120151733927266,0.8613333333333333,0.980212380952381
novel,1,P,keep_frac,0.3,914.1,3.33,0.9787277565319962,0.9871428608894348,0.9728571176528931,,,,,0.9634910687917864,0.984,0.9812466666666667
novel,1,P,keep_frac,0.5,1523.4,2.0,0.9870130921643606,0.9942857027053833,0.9735714197158813,,,,,0.9665420293922152,0.9853333333333333,0.9812380952380954
novel,1,P,keep_frac,0.7,2132.8,1.43,0.9905923943560103,0.9957142472267151,0.9778571128845215,,,,,0.9705063979257894,0.9873333333333333,0.9817735714285714
novel,1,P,keep_frac,1.0,3046.9,1.0,0.9934170066920074,1.0,0.9764285683631897,,,,,0.971855438932606,0.988,0.9814452380952381
novel,1,Q,bits,2,190.4,16.0,0.9930060397743508,0.991428554058075,0.9757142663002014,,,,,0.9701400304841055,0.9873333333333333,0.9813992857142858
novel,1,Q,bits,3,285.6,10.67,0.9934798621380491,0.9942857027053833,0.9778571128845215,,,,,0.9718883894208207,0.988,0.9808945238095238
novel,1,Q,bits,4,380.9,8.0,0.9934462098891248,0.9985713958740234,0.9757142663002014,,,,,0.9722546627795989,0.988,0.9815407142857143
novel,1,Q,bits,6,571.3,5.33,0.9933571568658435,0.9985713958740234,0.9764285683631897,,,,,0.9682825618110689,0.986,0.981417380952381
novel,1,Q,bits,8,761.7,4.0,0.9934019861865084,1.0,0.977142870426178,,,,,0.9713526166014841,0.9873333333333333,0.9814557142857142
novel,2,none,baseline,fp32,3046.9,1.0,0.9935158487071787,1.0,0.9878571033477783,,,,,0.9552693375663871,0.9813333333333333,0.9862442857142858
novel,2,D,rank,8,861.4,3.54,0.36948073544651877,0.41285714507102966,0.40214285254478455,,,,,0.17637401054116586,0.30933333333333335,0.6143809523809525
novel,2,D,rank,16,1175.9,2.59,0.5233742332476969,0.6171428561210632,0.6100000143051147,,,,,0.2969727353340455,0.4786666666666667,0.7082190476190475
novel,2,D,rank,24,1490.4,2.04,0.6476191551416193,0.7828571200370789,0.7442857027053833,,,,,0.41716250990151205,0.5613333333333334,0.8073395238095238
novel,2,D,rank,32,1804.9,1.69,0.7380786403755086,0.8771428465843201,0.8550000190734863,,,,,0.5658563362945741,0.7,0.866977619047619
novel,2,D,rank,48,2433.9,1.25,0.8732981926606689,0.9599999785423279,0.956428587436676,,,,,0.8930454250653482,0.9513333333333334,0.9486414285714286
novel,2,D,rank,64,3062.9,0.99,0.9935156858324729,1.0,0.9878571033477783,,,,,0.9552693375663871,0.9813333333333333,0.9862452380952381
novel,2,D,rank_rand,8,861.4,3.54,0.35149211487424525,0.4042856991291046,0.37214285135269165,,,,,0.21258055642982424,0.3406666666666667,0.5973009523809524
novel,2,D,rank_rand,16,1175.9,2.59,0.4731951112707908,0.6285714507102966,0.6035714149475098,,,,,0.35228733681501184,0.5093333333333333,0.6997242857142857
novel,2,D,rank_rand,24,1490.4,2.04,0.5333316774890101,0.6942856907844543,0.6899999976158142,,,,,0.41283203468687024,0.58,0.7698304761904763
novel,2,D,rank_rand,32,1804.9,1.69,0.6079213787653533,0.8057142496109009,0.7928571105003357,,,,,0.47238409212592375,0.6126666666666667,0.8212633333333332
novel,2,D,rank_rand,48,2433.9,1.25,0.670585505900065,0.8614285588264465,0.8321428298950195,,,,,0.6114048951283844,0.7813333333333333,0.8542028571428572
novel,2,D,rank_rand,64,3062.9,0.99,0.7314592366335035,0.9157142639160156,0.8728571534156799,,,,,0.7170257410791484,0.8506666666666667,0.8908985714285713
novel,2,D,rank_rand_retrain,8,861.4,3.54,0.35149211487424525,0.46142855286598206,0.31785714626312256,,,,,0.21258055642982424,0.3406666666666667,0.5792976190476191
novel,2,D,rank_rand_retrain,16,1175.9,2.59,0.4731951112707908,0.991428554058075,0.6564285755157471,,,,,0.35228733681501184,0.5093333333333333,0.7180104761904762
novel,2,D,rank_rand_retrain,24,1490.4,2.04,0.5333316774890101,1.0,0.7885714173316956,,,,,0.41283203468687024,0.58,0.7920719047619047
novel,2,D,rank_rand_retrain,32,1804.9,1.69,0.6079213787653533,1.0,0.8714285492897034,,,,,0.47238409212592375,0.6126666666666667,0.8589547619047619
novel,2,D,rank_rand_retrain,48,2433.9,1.25,0.670585505900065,1.0,0.9028571248054504,,,,,0.6114048951283844,0.7813333333333333,0.8912666666666667
novel,2,D,rank_rand_retrain,64,3062.9,0.99,0.7314592366335035,1.0,0.9214285612106323,,,,,0.7170257410791484,0.8506666666666667,0.9165585714285716
novel,2,P,keep_frac,0.05,152.3,20.0,0.8925174323690622,0.9800000190734863,0.970714271068573,,,,,0.9367385299616361,0.9733333333333334,0.9723790476190475
novel,2,P,keep_frac,0.1,304.7,10.0,0.9403162114873781,0.9857142567634583,0.979285717010498,,,,,0.9410381105985886,0.9753333333333334,0.9812804761904762
novel,2,P,keep_frac,0.2,609.4,5.0,0.9684544950325242,0.9842857122421265,0.9842857122421265,,,,,0.9033997554554828,0.8573333333333333,0.9838180952380952
novel,2,P,keep_frac,0.3,914.1,3.33,0.9790457051169444,0.9885714054107666,0.9871428608894348,,,,,0.9541765185146064,0.9813333333333333,0.9841457142857143
novel,2,P,keep_frac,0.5,1523.4,2.0,0.9873047837379134,0.991428554058075,0.9885714054107666,,,,,0.9593884771317847,0.9833333333333333,0.9852690476190478
novel,2,P,keep_frac,0.7,2132.8,1.43,0.9907965250064651,0.9957142472267151,0.9885714054107666,,,,,0.9620350871817314,0.9846666666666667,0.9853842857142857
novel,2,P,keep_frac,1.0,3046.9,1.0,0.9935158487071787,1.0,0.9878571033477783,,,,,0.9552693375663871,0.9813333333333333,0.9862442857142858
novel,2,Q,bits,2,190.4,16.0,0.9926590315679098,0.9928571581840515,0.9864285588264465,,,,,0.9561991497902973,0.982,0.985959761904762
novel,2,Q,bits,3,285.6,10.67,0.9934729485483355,0.9957142472267151,0.9871428608894348,,,,,0.9563024166024845,0.982,0.9857573809523809
novel,2,Q,bits,4,380.9,8.0,0.9934429980625157,0.9971428513526917,0.9878571033477783,,,,,0.9560307987696576,0.9826666666666667,0.9863433333333332
novel,2,Q,bits,6,571.3,5.33,0.9934553454221132,0.9985713958740234,0.9892857074737549,,,,,0.961794871192247,0.9846666666666667,0.9862509523809524
novel,2,Q,bits,8,761.7,4.0,0.9934856678036077,1.0,0.9885714054107666,,,,,0.9552693375663871,0.9813333333333333,0.9862104761904761
