seed,tag,bits,p,mem_frac,id_acc,ood_acc
0,full,2,0.0,1.0,0.9991666674613953,0.6361111203829447
0,full,2,0.05,1.0,0.9991666674613953,0.6325000127156576
0,full,2,0.1,1.0,0.9991666674613953,0.6241666873296102
0,full,2,0.2,1.0,0.996666669845581,0.6294444600741068
0,full,2,0.3,1.0,0.9900000095367432,0.6105555593967438
0,full,2,0.5,1.0,0.0925000011920929,0.07611111303170522
0,full,4,0.0,1.0,0.9991666674613953,0.6361111203829447
0,full,4,0.05,1.0,0.9991666674613953,0.6302777926127116
0,full,4,0.1,1.0,0.9983333349227905,0.6383333404858907
0,full,4,0.2,1.0,0.9983333349227905,0.6544444660345713
0,full,4,0.3,1.0,0.9983333349227905,0.6816666722297668
0,full,4,0.5,1.0,0.08749999850988388,0.09388889123996098
0,full,8,0.0,1.0,0.9991666674613953,0.6361111203829447
0,full,8,0.05,1.0,0.9991666674613953,0.6377777854601542
0,full,8,0.1,1.0,0.9991666674613953,0.6372222304344177
0,full,8,0.2,1.0,0.9991666674613953,0.6227777997652689
0,full,8,0.3,1.0,0.9975000023841858,0.6430555582046509
0,full,8,0.5,1.0,0.12333333492279053,0.08361111084620158
0,loghd_k2_n5,2,0.0,0.4172,0.7133333683013916,0.24500000973542532
0,loghd_k2_n5,2,0.05,0.4172,0.09750000387430191,0.08500000089406967
0,loghd_k2_n5,2,0.1,0.4172,0.08500000089406967,0.08361111332972844
0,loghd_k2_n5,2,0.2,0.4172,0.17000000178813934,0.1244444449742635
0,loghd_k2_n5,2,0.3,0.4172,0.0833333358168602,0.0833333358168602
0,loghd_k2_n5,2,0.5,0.4172,0.0833333358168602,0.0833333358168602
0,loghd_k2_n5,4,0.0,0.4172,0.7133333683013916,0.24500000973542532
0,loghd_k2_n5,4,0.05,0.4172,0.5441666841506958,0.19166666766007742
0,loghd_k2_n5,4,0.1,0.4172,0.2983333468437195,0.1436111181974411
0,loghd_k2_n5,4,0.2,0.4172,0.04749999940395355,0.04472222179174423
0,loghd_k2_n5,4,0.3,0.4172,0.09000000357627869,0.09388889123996098
0,loghd_k2_n5,4,0.5,0.4172,0.0833333358168602,0.0833333358168602
0,loghd_k2_n5,8,0.0,0.4172,0.7133333683013916,0.24500000973542532
0,loghd_k2_n5,8,0.05,0.4172,0.42250001430511475,0.22166667381922403
0,loghd_k2_n5,8,0.1,0.4172,0.24916666746139526,0.18194444477558136
0,loghd_k2_n5,8,0.2,0.4172,0.17416666448116302,0.08027778069178264
0,loghd_k2_n5,8,0.3,0.4172,0.1391666680574417,0.10861111680666606
0,loghd_k2_n5,8,0.5,0.4172,0.08916667103767395,0.08833333601554234
0,feataxis_k2_n5,2,0.0,0.4172,0.9991666674613953,0.6147222419579824
0,feataxis_k2_n5,2,0.05,0.4172,0.9991666674613953,0.624444454908371
0,feataxis_k2_n5,2,0.1,0.4172,0.9975000023841858,0.6002777814865112
0,feataxis_k2_n5,2,0.2,0.4172,0.9950000047683716,0.5227777808904648
0,feataxis_k2_n5,2,0.3,0.4172,0.9775000214576721,0.49250000218550366
0,feataxis_k2_n5,2,0.5,0.4172,0.0716666653752327,0.09638889133930206
0,feataxis_k2_n5,4,0.0,0.4172,0.9991666674613953,0.6147222419579824
0,feataxis_k2_n5,4,0.05,0.4172,0.9991666674613953,0.5952777862548828
0,feataxis_k2_n5,4,0.1,0.4172,0.9991666674613953,0.6147222419579824
0,feataxis_k2_n5,4,0.2,0.4172,0.9975000023841858,0.5866666833559672
0,feataxis_k2_n5,4,0.3,0.4172,0.9925000071525574,0.5663889149824778
0,feataxis_k2_n5,4,0.5,0.4172,0.08833333849906921,0.08916666855414708
0,feataxis_k2_n5,8,0.0,0.4172,0.9991666674613953,0.6147222419579824
0,feataxis_k2_n5,8,0.05,0.4172,0.9991666674613953,0.6141666869322459
0,feataxis_k2_n5,8,0.1,0.4172,0.9991666674613953,0.620000014702479
0,feataxis_k2_n5,8,0.2,0.4172,0.9991666674613953,0.5933333436648051
0,feataxis_k2_n5,8,0.3,0.4172,0.9941666722297668,0.6213889122009277
0,feataxis_k2_n5,8,0.5,0.4172,0.1274999976158142,0.12972222765286764
0,loghd_k3_n4,2,0.0,0.3337,0.6816666722297668,0.4516666829586029
0,loghd_k3_n4,2,0.05,0.3337,0.0833333358168602,0.0833333358168602
0,loghd_k3_n4,2,0.1,0.3337,0.0833333358168602,0.0833333358168602
0,loghd_k3_n4,2,0.2,0.3337,0.0833333358168602,0.0833333358168602
0,loghd_k3_n4,2,0.3,0.3337,0.1066666692495346,0.09805555641651154
0,loghd_k3_n4,2,0.5,0.3337,0.0833333358168602,0.0833333358168602
0,loghd_k3_n4,4,0.0,0.3337,0.6816666722297668,0.4516666829586029
0,loghd_k3_n4,4,0.05,0.3337,0.3700000047683716,0.2455555647611618
0,loghd_k3_n4,4,0.1,0.3337,0.2616666853427887,0.20472223063309988
0,loghd_k3_n4,4,0.2,0.3337,0.08583333343267441,0.0833333358168602
0,loghd_k3_n4,4,0.3,0.3337,0.09416666626930237,0.08305555582046509
0,loghd_k3_n4,4,0.5,0.3337,0.0925000011920929,0.08972222606341045
0,loghd_k3_n4,8,0.0,0.3337,0.6816666722297668,0.4516666829586029
0,loghd_k3_n4,8,0.05,0.3337,0.512499988079071,0.3297222356001536
0,loghd_k3_n4,8,0.1,0.3337,0.2566666603088379,0.20333333810170492
0,loghd_k3_n4,8,0.2,0.3337,0.08416666835546494,0.0833333358168602
0,loghd_k3_n4,8,0.3,0.3337,0.0833333358168602,0.0833333358168602
0,loghd_k3_n4,8,0.5,0.3337,0.0833333358168602,0.0833333358168602
0,feataxis_k3_n4,2,0.0,0.3337,0.9991666674613953,0.609722246726354
0,feataxis_k3_n4,2,0.05,0.3337,0.996666669845581,0.6366666754086813
0,feataxis_k3_n4,2,0.1,0.3337,0.9958333373069763,0.6316666901111603
0,feataxis_k3_n4,2,0.2,0.3337,0.9908333420753479,0.622222234805425
0,feataxis_k3_n4,2,0.3,0.3337,0.9708333611488342,0.5952777961889902
0,feataxis_k3_n4,2,0.5,0.3337,0.05416666716337204,0.0486111119389534
0,feataxis_k3_n4,4,0.0,0.3337,0.9991666674613953,0.609722246726354
0,feataxis_k3_n4,4,0.05,0.3337,0.9991666674613953,0.6122222443421682
0,feataxis_k3_n4,4,0.1,0.3337,0.9991666674613953,0.6225000123182932
0,feataxis_k3_n4,4,0.2,0.3337,0.9975000023841858,0.6038888990879059
0,feataxis_k3_n4,4,0.3,0.3337,0.9833333492279053,0.5941666662693024
0,feataxis_k3_n4,4,0.5,0.3337,0.12333333492279053,0.09999999900658925
0,feataxis_k3_n4,8,0.0,0.3337,0.9991666674613953,0.609722246726354
0,feataxis_k3_n4,8,0.05,0.3337,0.9991666674613953,0.6027777791023254
0,feataxis_k3_n4,8,0.1,0.3337,0.9991666674613953,0.6002777914206187
0,feataxis_k3_n4,8,0.2,0.3337,0.9983333349227905,0.5952777961889902
0,feataxis_k3_n4,8,0.3,0.3337,0.9941666722297668,0.6297222375869751
0,feataxis_k3_n4,8,0.5,0.3337,0.10916666686534882,0.10861111183961232
0,hybrid_k2_n5,2,0.0,0.2088,0.7191666960716248,0.25333333512147266
0,hybrid_k2_n5,2,0.05,0.2088,0.10333333909511566,0.1011111115415891
0,hybrid_k2_n5,2,0.1,0.2088,0.0833333358168602,0.09277777870496114
0,hybrid_k2_n5,2,0.2,0.2088,0.14500001072883606,0.12111111481984456
0,hybrid_k2_n5,2,0.3,0.2088,0.0833333358168602,0.0833333358168602
0,hybrid_k2_n5,2,0.5,0.2088,0.0833333358168602,0.0833333358168602
0,hybrid_k2_n5,4,0.0,0.2088,0.7191666960716248,0.25333333512147266
0,hybrid_k2_n5,4,0.05,0.2088,0.5475000143051147,0.18111111968755722
0,hybrid_k2_n5,4,0.1,0.2088,0.2916666865348816,0.13805555552244186
0,hybrid_k2_n5,4,0.2,0.2088,0.03916666656732559,0.04055555661519369
0,hybrid_k2_n5,4,0.3,0.2088,0.09750000387430191,0.09472222129503886
0,hybrid_k2_n5,4,0.5,0.2088,0.08166667073965073,0.08305555830399196
0,hybrid_k2_n5,8,0.0,0.2088,0.7191666960716248,0.25333333512147266
0,hybrid_k2_n5,8,0.05,0.2088,0.41833335161209106,0.2166666736205419
0,hybrid_k2_n5,8,0.1,0.2088,0.2541666626930237,0.1677777816851934
0,hybrid_k2_n5,8,0.2,0.2088,0.16750000417232513,0.0794444444278876
0,hybrid_k2_n5,8,0.3,0.2088,0.13166667520999908,0.09055555860201518
0,hybrid_k2_n5,8,0.5,0.2088,0.07500000298023224,0.0827777807911237
1,full,2,0.0,1.0,0.9983333349227905,0.6705555816491445
1,full,2,0.05,1.0,0.9941666722297668,0.5736111303170522
1,full,2,0.1,1.0,0.9950000047683716,0.5791666706403097
1,full,2,0.2,1.0,0.9908333420753479,0.5005555748939514
1,full,2,0.3,1.0,0.9791666865348816,0.4694444537162781
1,full,2,0.5,1.0,0.03999999910593033,0.06833333522081375
1,full,4,0.0,1.0,0.9983333349227905,0.6705555816491445
1,full,4,0.05,1.0,0.996666669845581,0.6600000262260437
1,full,4,0.1,1.0,0.996666669845581,0.6241666773955027
1,full,4,0.2,1.0,0.9925000071525574,0.5902777910232544
1,full,4,0.3,1.0,0.9908333420753479,0.6211111346880595
1,full,4,0.5,1.0,0.1158333346247673,0.09777778138717015
1,full,8,0.0,1.0,0.9983333349227905,0.6705555816491445
1,full,8,0.05,1.0,0.9983333349227905,0.6436111330986023
1,full,8,0.1,1.0,0.996666669845581,0.6325000127156576
1,full,8,0.2,1.0,0.9975000023841858,0.6572222212950388
1,full,8,0.3,1.0,0.9983333349227905,0.6422222356001536
1,full,8,0.5,1.0,0.06083333492279053,0.08833333601554234
1,loghd_k2_n5,2,0.0,0.4172,0.7741667032241821,0.5366666913032532
1,loghd_k2_n5,2,0.05,0.4172,0.15583333373069763,0.14638889332612356
1,loghd_k2_n5,2,0.1,0.4172,0.15416666865348816,0.1425000031789144
1,loghd_k2_n5,2,0.2,0.4172,0.1041666716337204,0.08916666855414708
1,loghd_k2_n5,2,0.3,0.4172,0.0833333358168602,0.0833333358168602
1,loghd_k2_n5,2,0.5,0.4172,0.0833333358168602,0.0833333358168602
1,loghd_k2_n5,4,0.0,0.4172,0.7741667032241821,0.5366666913032532
1,loghd_k2_n5,4,0.05,0.4172,0.6341666579246521,0.3733333498239517
1,loghd_k2_n5,4,0.1,0.4172,0.49000000953674316,0.3747222224871318
1,loghd_k2_n5,4,0.2,0.4172,0.09750000387430191,0.08638889094193776
1,loghd_k2_n5,4,0.3,0.4172,0.11250000447034836,0.09305555870135625
1,loghd_k2_n5,4,0.5,0.4172,0.09083333611488342,0.08833333353201549
1,loghd_k2_n5,8,0.0,0.4172,0.7741667032241821,0.5366666913032532
1,loghd_k2_n5,8,0.05,0.4172,0.48750001192092896,0.2686111181974411
1,loghd_k2_n5,8,0.1,0.4172,0.24666666984558105,0.15222222357988358
1,loghd_k2_n5,8,0.2,0.4172,0.12083333730697632,0.10722222675879796
1,loghd_k2_n5,8,0.3,0.4172,0.0833333358168602,0.0833333358168602
1,loghd_k2_n5,8,0.5,0.4172,0.08500000089406967,0.08416666835546494
1,feataxis_k2_n5,2,0.0,0.4172,0.9991666674613953,0.6458333432674408
1,feataxis_k2_n5,2,0.05,0.4172,0.9958333373069763,0.5627778073151907
1,feataxis_k2_n5,2,0.1,0.4172,0.9933333396911621,0.5627778073151907
1,feataxis_k2_n5,2,0.2,0.4172,0.9866666793823242,0.5611111323038737
1,feataxis_k2_n5,2,0.3,0.4172,0.934166669845581,0.43472223977247876
1,feataxis_k2_n5,2,0.5,0.4172,0.08250000327825546,0.07277777791023254
1,feataxis_k2_n5,4,0.0,0.4172,0.9991666674613953,0.6458333432674408
1,feataxis_k2_n5,4,0.05,0.4172,0.9983333349227905,0.6077777942021688
1,feataxis_k2_n5,4,0.1,0.4172,0.9958333373069763,0.586388905843099
1,feataxis_k2_n5,4,0.2,0.4172,0.9950000047683716,0.5933333436648051
1,feataxis_k2_n5,4,0.3,0.4172,0.9858333468437195,0.6463889082272848
1,feataxis_k2_n5,4,0.5,0.4172,0.11749999970197678,0.10138889153798421
1,feataxis_k2_n5,8,0.0,0.4172,0.9991666674613953,0.6458333432674408
1,feataxis_k2_n5,8,0.05,0.4172,0.9958333373069763,0.6111111243565878
1,feataxis_k2_n5,8,0.1,0.4172,0.9958333373069763,0.6138889094193777
1,feataxis_k2_n5,8,0.2,0.4172,0.996666669845581,0.5869444608688354
1,feataxis_k2_n5,8,0.3,0.4172,0.9925000071525574,0.5652777949968973
1,feataxis_k2_n5,8,0.5,0.4172,0.09916666895151138,0.08750000347693761
1,loghd_k3_n4,2,0.0,0.3337,0.6758333444595337,0.363055557012558
1,loghd_k3_n4,2,0.05,0.3337,0.0833333358168602,0.0833333358168602
1,loghd_k3_n4,2,0.1,0.3337,0.0833333358168602,0.0833333358168602
1,loghd_k3_n4,2,0.2,0.3337,0.0833333358168602,0.0833333358168602
1,loghd_k3_n4,2,0.3,0.3337,0.0833333358168602,0.0833333358168602
1,loghd_k3_n4,2,0.5,0.3337,0.0833333358168602,0.0833333358168602
1,loghd_k3_n4,4,0.0,0.3337,0.6758333444595337,0.363055557012558
1,loghd_k3_n4,4,0.05,0.3337,0.45750001072883606,0.3169444501399994
1,loghd_k3_n4,4,0.1,0.3337,0.335833340883255,0.22222222884496054
1,loghd_k3_n4,4,0.2,0.3337,0.08666666597127914,0.0833333358168602
1,loghd_k3_n4,4,0.3,0.3337,0.15333333611488342,0.09694444636503856
1,loghd_k3_n4,4,0.5,0.3337,0.0833333358168602,0.0833333358168602
1,loghd_k3_n4,8,0.0,0.3337,0.6758333444595337,0.363055557012558
1,loghd_k3_n4,8,0.05,0.3337,0.4441666901111603,0.1955555627743403
1,loghd_k3_n4,8,0.1,0.3337,0.22166667878627777,0.12916667262713113
1,loghd_k3_n4,8,0.2,0.3337,0.16333334147930145,0.126111110051473
1,loghd_k3_n4,8,0.3,0.3337,0.18333333730697632,0.12361111491918564
1,loghd_k3_n4,8,0.5,0.3337,0.0833333358168602,0.0833333358168602
1,feataxis_k3_n4,2,0.0,0.3337,0.9983333349227905,0.6355555554231008
1,feataxis_k3_n4,2,0.05,0.3337,0.9941666722297668,0.5825000206629435
1,feataxis_k3_n4,2,0.1,0.3337,0.9891666769981384,0.5441666642824808
1,feataxis_k3_n4,2,0.2,0.3337,0.987500011920929,0.5263889034589132
1,feataxis_k3_n4,2,0.3,0.3337,0.9366666674613953,0.5927777787049612
1,feataxis_k3_n4,2,0.5,0.3337,0.08749999850988388,0.11416666954755783
1,feataxis_k3_n4,4,0.0,0.3337,0.9983333349227905,0.6355555554231008
1,feataxis_k3_n4,4,0.05,0.3337,0.996666669845581,0.5797222455342611
1,feataxis_k3_n4,4,0.1,0.3337,0.996666669845581,0.5488889018694559
1,feataxis_k3_n4,4,0.2,0.3337,0.9925000071525574,0.48055556913216907
1,feataxis_k3_n4,4,0.3,0.3337,0.9791666865348816,0.4258333295583725
1,feataxis_k3_n4,4,0.5,0.3337,0.07333333790302277,0.08250000327825546
1,feataxis_k3_n4,8,0.0,0.3337,0.9983333349227905,0.6355555554231008
1,feataxis_k3_n4,8,0.05,0.3337,0.996666669845581,0.63527778784434
1,feataxis_k3_n4,8,0.1,0.3337,0.9975000023841858,0.596666673819224
1,feataxis_k3_n4,8,0.2,0.3337,0.9958333373069763,0.5786111354827881
1,feataxis_k3_n4,8,0.3,0.3337,0.9858333468437195,0.5841666758060455
1,feataxis_k3_n4,8,0.5,0.3337,0.09416666626930237,0.05777777855594953
1,hybrid_k2_n5,2,0.0,0.2088,0.7741667032241821,0.5291666785875956
1,hybrid_k2_n5,2,0.05,0.2088,0.15833333134651184,0.13472222785154978
1,hybrid_k2_n5,2,0.1,0.2088,0.1525000035762787,0.13527778287728628
1,hybrid_k2_n5,2,0.2,0.2088,0.1041666716337204,0.09472222377856572
1,hybrid_k2_n5,2,0.3,0.2088,0.0833333358168602,0.0833333358168602
1,hybrid_k2_n5,2,0.5,0.2088,0.0833333358168602,0.0833333358168602
1,hybrid_k2_n5,4,0.0,0.2088,0.7741667032241821,0.5291666785875956
1,hybrid_k2_n5,4,0.05,0.2088,0.6450000405311584,0.36916668713092804
1,hybrid_k2_n5,4,0.1,0.2088,0.48500001430511475,0.35916667183240253
1,hybrid_k2_n5,4,0.2,0.2088,0.08666666597127914,0.09083333363135655
1,hybrid_k2_n5,4,0.3,0.2088,0.11666666716337204,0.08527778089046478
1,hybrid_k2_n5,4,0.5,0.2088,0.08500000089406967,0.08472222338120143
1,hybrid_k2_n5,8,0.0,0.2088,0.7741667032241821,0.5291666785875956
1,hybrid_k2_n5,8,0.05,0.2088,0.4741666913032532,0.28333334624767303
1,hybrid_k2_n5,8,0.1,0.2088,0.24000000953674316,0.16444445153077444
1,hybrid_k2_n5,8,0.2,0.2088,0.1041666716337204,0.10888889183600743
1,hybrid_k2_n5,8,0.3,0.2088,0.08416666835546494,0.0833333358168602
1,hybrid_k2_n5,8,0.5,0.2088,0.08250000327825546,0.08083333323399226
2,full,2,0.0,1.0,1.0,0.8350000182787577
2,full,2,0.05,1.0,0.9975000023841858,0.8105555772781372
2,full,2,0.1,1.0,0.996666669845581,0.8002777894337972
2,full,2,0.2,1.0,0.9933333396911621,0.79666668176651
2,full,2,0.3,1.0,0.9816666841506958,0.7586111227671305
2,full,2,0.5,1.0,0.0925000011920929,0.0933333362142245
2,full,4,0.0,1.0,1.0,0.8350000182787577
2,full,4,0.05,1.0,0.9991666674613953,0.8283333579699198
2,full,4,0.1,1.0,0.9991666674613953,0.8263889153798422
2,full,4,0.2,1.0,0.9983333349227905,0.8041666944821676
2,full,4,0.3,1.0,0.9958333373069763,0.7900000015894572
2,full,4,0.5,1.0,0.06666667014360428,0.08000000069538753
2,full,8,0.0,1.0,1.0,0.8350000182787577
2,full,8,0.05,1.0,0.9991666674613953,0.8286111354827881
2,full,8,0.1,1.0,0.9991666674613953,0.820555587609609
2,full,8,0.2,1.0,0.9983333349227905,0.797777791817983
2,full,8,0.3,1.0,0.9958333373069763,0.7805555860201517
2,full,8,0.5,1.0,0.08916667103767395,0.08500000089406967
2,loghd_k2_n5,2,0.0,0.4172,0.7291666865348816,0.312777782479922
2,loghd_k2_n5,2,0.05,0.4172,0.0833333358168602,0.0833333358168602
2,loghd_k2_n5,2,0.1,0.4172,0.0833333358168602,0.0833333358168602
2,loghd_k2_n5,2,0.2,0.4172,0.1066666692495346,0.10000000149011612
2,loghd_k2_n5,2,0.3,0.4172,0.12083333730697632,0.1025000015894572
2,loghd_k2_n5,2,0.5,0.4172,0.0833333358168602,0.0833333358168602
2,loghd_k2_n5,4,0.0,0.4172,0.7291666865348816,0.312777782479922
2,loghd_k2_n5,4,0.05,0.4172,0.35500001907348633,0.15777778128782907
2,loghd_k2_n5,4,0.1,0.4172,0.10333333909511566,0.08416666835546494
2,loghd_k2_n5,4,0.2,0.4172,0.0833333358168602,0.0833333358168602
2,loghd_k2_n5,4,0.3,0.4172,0.0833333358168602,0.0833333358168602
2,loghd_k2_n5,4,0.5,0.4172,0.09083333611488342,0.08388888835906982
2,loghd_k2_n5,8,0.0,0.4172,0.7291666865348816,0.312777782479922
2,loghd_k2_n5,8,0.05,0.4172,0.29250001907348633,0.16277778148651123
2,loghd_k2_n5,8,0.1,0.4172,0.25583332777023315,0.2044444481531779
2,loghd_k2_n5,8,0.2,0.4172,0.1599999964237213,0.1341666728258133
2,loghd_k2_n5,8,0.3,0.4172,0.07000000029802322,0.08277777830759685
2,loghd_k2_n5,8,0.5,0.4172,0.08250000327825546,0.07666666557391484
2,feataxis_k2_n5,2,0.0,0.4172,1.0,0.8255555828412374
2,feataxis_k2_n5,2,0.05,0.4172,0.9991666674613953,0.7808333436648051
2,feataxis_k2_n5,2,0.1,0.4172,1.0,0.7672222455342611
2,feataxis_k2_n5,2,0.2,0.4172,0.9900000095367432,0.7602778077125549
2,feataxis_k2_n5,2,0.3,0.4172,0.9583333730697632,0.6913888851801554
2,feataxis_k2_n5,2,0.5,0.4172,0.0949999988079071,0.07166666785875957
2,feataxis_k2_n5,4,0.0,0.4172,1.0,0.8255555828412374
2,feataxis_k2_n5,4,0.05,0.4172,0.9991666674613953,0.8097222447395325
2,feataxis_k2_n5,4,0.1,0.4172,0.9983333349227905,0.7941666841506958
2,feataxis_k2_n5,4,0.2,0.4172,0.9933333396911621,0.7616666754086813
2,feataxis_k2_n5,4,0.3,0.4172,0.9866666793823242,0.6655555764834086
2,feataxis_k2_n5,4,0.5,0.4172,0.10000000149011612,0.08555555591980617
2,feataxis_k2_n5,8,0.0,0.4172,1.0,0.8255555828412374
2,feataxis_k2_n5,8,0.05,0.4172,1.0,0.8219444751739502
2,feataxis_k2_n5,8,0.1,0.4172,1.0,0.8186111450195312
2,feataxis_k2_n5,8,0.2,0.4172,0.9975000023841858,0.7830555637677511
2,feataxis_k2_n5,8,0.3,0.4172,0.9941666722297668,0.7411111195882162
2,feataxis_k2_n5,8,0.5,0.4172,0.09666667133569717,0.07388889292875926
2,loghd_k3_n4,2,0.0,0.3337,0.7266666889190674,0.2958333343267441
2,loghd_k3_n4,2,0.05,0.3337,0.0833333358168602,0.0833333358168602
2,loghd_k3_n4,2,0.1,0.3337,0.0833333358168602,0.0833333358168602
2,loghd_k3_n4,2,0.2,0.3337,0.0833333358168602,0.0833333358168602
2,loghd_k3_n4,2,0.3,0.3337,0.0833333358168602,0.0833333358168602
2,loghd_k3_n4,2,0.5,0.3337,0.1066666692495346,0.10361111412445705
2,loghd_k3_n4,4,0.0,0.3337,0.7266666889190674,0.2958333343267441
2,loghd_k3_n4,4,0.05,0.3337,0.3516666889190674,0.15805555880069733
2,loghd_k3_n4,4,0.1,0.3337,0.13083334267139435,0.10055555899937947
2,loghd_k3_n4,4,0.2,0.3337,0.07250000536441803,0.07750000059604645
2,loghd_k3_n4,4,0.3,0.3337,0.02666666731238365,0.04500000116725763
2,loghd_k3_n4,4,0.5,0.3337,0.0833333358168602,0.0833333358168602
2,loghd_k3_n4,8,0.0,0.3337,0.7266666889190674,0.2958333343267441
2,loghd_k3_n4,8,0.05,0.3337,0.5533333420753479,0.21527778108914694
2,loghd_k3_n4,8,0.1,0.3337,0.2291666716337204,0.08777778098980586
2,loghd_k3_n4,8,0.2,0.3337,0.0833333358168602,0.0733333354194959
2,loghd_k3_n4,8,0.3,0.3337,0.07666666805744171,0.07111111283302307
2,loghd_k3_n4,8,0.5,0.3337,0.07083333283662796,0.07277777791023254
2,feataxis_k3_n4,2,0.0,0.3337,1.0,0.8177778124809265
2,feataxis_k3_n4,2,0.05,0.3337,1.0,0.7861111362775167
2,feataxis_k3_n4,2,0.1,0.3337,0.9975000023841858,0.784166693687439
2,feataxis_k3_n4,2,0.2,0.3337,0.9850000143051147,0.7344444592793783
2,feataxis_k3_n4,2,0.3,0.3337,0.9358333349227905,0.6963889201482137
2,feataxis_k3_n4,2,0.5,0.3337,0.05833333358168602,0.08444444586833318
2,feataxis_k3_n4,4,0.0,0.3337,1.0,0.8177778124809265
2,feataxis_k3_n4,4,0.05,0.3337,0.9991666674613953,0.8038888971010844
2,feataxis_k3_n4,4,0.1,0.3337,1.0,0.7963889042536417
2,feataxis_k3_n4,4,0.2,0.3337,0.9991666674613953,0.762500007947286
2,feataxis_k3_n4,4,0.3,0.3337,0.9925000071525574,0.7391666769981384
2,feataxis_k3_n4,4,0.5,0.3337,0.06916666775941849,0.06527777885397275
2,feataxis_k3_n4,8,0.0,0.3337,1.0,0.8177778124809265
2,feataxis_k3_n4,8,0.05,0.3337,1.0,0.8102777997652689
2,feataxis_k3_n4,8,0.1,0.3337,0.9983333349227905,0.8063889145851135
2,feataxis_k3_n4,8,0.2,0.3337,0.9983333349227905,0.818333367506663
2,feataxis_k3_n4,8,0.3,0.3337,0.9916666746139526,0.7950000166893005
2,feataxis_k3_n4,8,0.5,0.3337,0.061666667461395264,0.07611111551523209
2,hybrid_k2_n5,2,0.0,0.2088,0.7141667008399963,0.3141666700442632
2,hybrid_k2_n5,2,0.05,0.2088,0.0833333358168602,0.0833333358168602
2,hybrid_k2_n5,2,0.1,0.2088,0.0833333358168602,0.0833333358168602
2,hybrid_k2_n5,2,0.2,0.2088,0.0949999988079071,0.09055555611848831
2,hybrid_k2_n5,2,0.3,0.2088,0.10249999910593033,0.0919444461663564
2,hybrid_k2_n5,2,0.5,0.2088,0.0833333358168602,0.0833333358168602
2,hybrid_k2_n5,4,0.0,0.2088,0.7141667008399963,0.3141666700442632
2,hybrid_k2_n5,4,0.05,0.2088,0.3608333468437195,0.15305555860201517
2,hybrid_k2_n5,4,0.1,0.2088,0.10750000178813934,0.0833333358168602
2,hybrid_k2_n5,4,0.2,0.2088,0.0833333358168602,0.0833333358168602
2,hybrid_k2_n5,4,0.3,0.2088,0.0833333358168602,0.08305555830399196
2,hybrid_k2_n5,4,0.5,0.2088,0.07833333313465118,0.07444444795449574
2,hybrid_k2_n5,8,0.0,0.2088,0.7141667008399963,0.3141666700442632
2,hybrid_k2_n5,8,0.05,0.2088,0.3008333444595337,0.16583333909511566
2,hybrid_k2_n5,8,0.1,0.2088,0.2666666805744171,0.21472222606341043
2,hybrid_k2_n5,8,0.2,0.2088,0.148333340883255,0.11583333710829417
2,hybrid_k2_n5,8,0.3,0.2088,0.11250000447034836,0.08416666835546494
2,hybrid_k2_n5,8,0.5,0.2088,0.09166666865348816,0.06083333492279053
